#
# TABLE STRUCTURE FOR: communities
#

DROP TABLE IF EXISTS `communities`;

CREATE TABLE `communities` (
  `id` int(10) unsigned NOT NULL AUTO_INCREMENT,
  `name` varchar(150) COLLATE utf8_unicode_ci NOT NULL,
  PRIMARY KEY (`id`),
  UNIQUE KEY `name` (`name`)
) ENGINE=InnoDB AUTO_INCREMENT=101 DEFAULT CHARSET=utf8 COLLATE=utf8_unicode_ci;

INSERT INTO `communities` (`id`, `name`) VALUES (24, 'a');
INSERT INTO `communities` (`id`, `name`) VALUES (38, 'ab');
INSERT INTO `communities` (`id`, `name`) VALUES (44, 'accusantium');
INSERT INTO `communities` (`id`, `name`) VALUES (76, 'adipisci');
INSERT INTO `communities` (`id`, `name`) VALUES (77, 'alias');
INSERT INTO `communities` (`id`, `name`) VALUES (40, 'aliquam');
INSERT INTO `communities` (`id`, `name`) VALUES (82, 'aliquid');
INSERT INTO `communities` (`id`, `name`) VALUES (73, 'amet');
INSERT INTO `communities` (`id`, `name`) VALUES (16, 'animi');
INSERT INTO `communities` (`id`, `name`) VALUES (88, 'aperiam');
INSERT INTO `communities` (`id`, `name`) VALUES (45, 'atque');
INSERT INTO `communities` (`id`, `name`) VALUES (22, 'aut');
INSERT INTO `communities` (`id`, `name`) VALUES (33, 'autem');
INSERT INTO `communities` (`id`, `name`) VALUES (4, 'blanditiis');
INSERT INTO `communities` (`id`, `name`) VALUES (95, 'commodi');
INSERT INTO `communities` (`id`, `name`) VALUES (6, 'consequatur');
INSERT INTO `communities` (`id`, `name`) VALUES (2, 'consequuntur');
INSERT INTO `communities` (`id`, `name`) VALUES (28, 'corrupti');
INSERT INTO `communities` (`id`, `name`) VALUES (97, 'cumque');
INSERT INTO `communities` (`id`, `name`) VALUES (92, 'debitis');
INSERT INTO `communities` (`id`, `name`) VALUES (15, 'delectus');
INSERT INTO `communities` (`id`, `name`) VALUES (66, 'deserunt');
INSERT INTO `communities` (`id`, `name`) VALUES (80, 'dicta');
INSERT INTO `communities` (`id`, `name`) VALUES (51, 'dignissimos');
INSERT INTO `communities` (`id`, `name`) VALUES (34, 'distinctio');
INSERT INTO `communities` (`id`, `name`) VALUES (81, 'dolor');
INSERT INTO `communities` (`id`, `name`) VALUES (35, 'dolore');
INSERT INTO `communities` (`id`, `name`) VALUES (48, 'dolorem');
INSERT INTO `communities` (`id`, `name`) VALUES (25, 'dolores');
INSERT INTO `communities` (`id`, `name`) VALUES (59, 'doloribus');
INSERT INTO `communities` (`id`, `name`) VALUES (99, 'ea');
INSERT INTO `communities` (`id`, `name`) VALUES (14, 'eligendi');
INSERT INTO `communities` (`id`, `name`) VALUES (58, 'enim');
INSERT INTO `communities` (`id`, `name`) VALUES (71, 'esse');
INSERT INTO `communities` (`id`, `name`) VALUES (49, 'est');
INSERT INTO `communities` (`id`, `name`) VALUES (42, 'et');
INSERT INTO `communities` (`id`, `name`) VALUES (68, 'eum');
INSERT INTO `communities` (`id`, `name`) VALUES (36, 'expedita');
INSERT INTO `communities` (`id`, `name`) VALUES (87, 'explicabo');
INSERT INTO `communities` (`id`, `name`) VALUES (1, 'facilis');
INSERT INTO `communities` (`id`, `name`) VALUES (72, 'harum');
INSERT INTO `communities` (`id`, `name`) VALUES (17, 'hic');
INSERT INTO `communities` (`id`, `name`) VALUES (9, 'id');
INSERT INTO `communities` (`id`, `name`) VALUES (8, 'in');
INSERT INTO `communities` (`id`, `name`) VALUES (98, 'inventore');
INSERT INTO `communities` (`id`, `name`) VALUES (20, 'ipsam');
INSERT INTO `communities` (`id`, `name`) VALUES (23, 'iste');
INSERT INTO `communities` (`id`, `name`) VALUES (41, 'labore');
INSERT INTO `communities` (`id`, `name`) VALUES (96, 'magnam');
INSERT INTO `communities` (`id`, `name`) VALUES (55, 'magni');
INSERT INTO `communities` (`id`, `name`) VALUES (56, 'maxime');
INSERT INTO `communities` (`id`, `name`) VALUES (64, 'minus');
INSERT INTO `communities` (`id`, `name`) VALUES (63, 'molestiae');
INSERT INTO `communities` (`id`, `name`) VALUES (13, 'mollitia');
INSERT INTO `communities` (`id`, `name`) VALUES (60, 'necessitatibus');
INSERT INTO `communities` (`id`, `name`) VALUES (86, 'neque');
INSERT INTO `communities` (`id`, `name`) VALUES (50, 'nisi');
INSERT INTO `communities` (`id`, `name`) VALUES (84, 'nobis');
INSERT INTO `communities` (`id`, `name`) VALUES (37, 'non');
INSERT INTO `communities` (`id`, `name`) VALUES (30, 'nostrum');
INSERT INTO `communities` (`id`, `name`) VALUES (67, 'nulla');
INSERT INTO `communities` (`id`, `name`) VALUES (74, 'numquam');
INSERT INTO `communities` (`id`, `name`) VALUES (5, 'occaecati');
INSERT INTO `communities` (`id`, `name`) VALUES (12, 'omnis');
INSERT INTO `communities` (`id`, `name`) VALUES (91, 'pariatur');
INSERT INTO `communities` (`id`, `name`) VALUES (70, 'perferendis');
INSERT INTO `communities` (`id`, `name`) VALUES (43, 'perspiciatis');
INSERT INTO `communities` (`id`, `name`) VALUES (10, 'provident');
INSERT INTO `communities` (`id`, `name`) VALUES (100, 'quaerat');
INSERT INTO `communities` (`id`, `name`) VALUES (90, 'quam');
INSERT INTO `communities` (`id`, `name`) VALUES (29, 'qui');
INSERT INTO `communities` (`id`, `name`) VALUES (31, 'quia');
INSERT INTO `communities` (`id`, `name`) VALUES (27, 'quidem');
INSERT INTO `communities` (`id`, `name`) VALUES (46, 'quis');
INSERT INTO `communities` (`id`, `name`) VALUES (53, 'quisquam');
INSERT INTO `communities` (`id`, `name`) VALUES (47, 'quo');
INSERT INTO `communities` (`id`, `name`) VALUES (78, 'quod');
INSERT INTO `communities` (`id`, `name`) VALUES (85, 'quos');
INSERT INTO `communities` (`id`, `name`) VALUES (18, 'ratione');
INSERT INTO `communities` (`id`, `name`) VALUES (62, 'reprehenderit');
INSERT INTO `communities` (`id`, `name`) VALUES (83, 'rerum');
INSERT INTO `communities` (`id`, `name`) VALUES (61, 'saepe');
INSERT INTO `communities` (`id`, `name`) VALUES (89, 'sapiente');
INSERT INTO `communities` (`id`, `name`) VALUES (79, 'sed');
INSERT INTO `communities` (`id`, `name`) VALUES (93, 'sint');
INSERT INTO `communities` (`id`, `name`) VALUES (54, 'sit');
INSERT INTO `communities` (`id`, `name`) VALUES (11, 'sunt');
INSERT INTO `communities` (`id`, `name`) VALUES (26, 'tempora');
INSERT INTO `communities` (`id`, `name`) VALUES (39, 'temporibus');
INSERT INTO `communities` (`id`, `name`) VALUES (65, 'totam');
INSERT INTO `communities` (`id`, `name`) VALUES (57, 'ullam');
INSERT INTO `communities` (`id`, `name`) VALUES (75, 'unde');
INSERT INTO `communities` (`id`, `name`) VALUES (21, 'ut');
INSERT INTO `communities` (`id`, `name`) VALUES (3, 'vel');
INSERT INTO `communities` (`id`, `name`) VALUES (19, 'velit');
INSERT INTO `communities` (`id`, `name`) VALUES (69, 'veritatis');
INSERT INTO `communities` (`id`, `name`) VALUES (94, 'vero');
INSERT INTO `communities` (`id`, `name`) VALUES (7, 'voluptas');
INSERT INTO `communities` (`id`, `name`) VALUES (52, 'voluptate');
INSERT INTO `communities` (`id`, `name`) VALUES (32, 'voluptatem');


#
# TABLE STRUCTURE FOR: communities_users
#

DROP TABLE IF EXISTS `communities_users`;

CREATE TABLE `communities_users` (
  `community_id` int(10) unsigned NOT NULL,
  `user_id` int(10) unsigned NOT NULL,
  PRIMARY KEY (`community_id`,`user_id`)
) ENGINE=InnoDB DEFAULT CHARSET=utf8 COLLATE=utf8_unicode_ci;

INSERT INTO `communities_users` (`community_id`, `user_id`) VALUES (2, 92);
INSERT INTO `communities_users` (`community_id`, `user_id`) VALUES (4, 42);
INSERT INTO `communities_users` (`community_id`, `user_id`) VALUES (8, 47);
INSERT INTO `communities_users` (`community_id`, `user_id`) VALUES (8, 61);
INSERT INTO `communities_users` (`community_id`, `user_id`) VALUES (8, 84);
INSERT INTO `communities_users` (`community_id`, `user_id`) VALUES (11, 17);
INSERT INTO `communities_users` (`community_id`, `user_id`) VALUES (13, 54);
INSERT INTO `communities_users` (`community_id`, `user_id`) VALUES (14, 74);
INSERT INTO `communities_users` (`community_id`, `user_id`) VALUES (14, 81);
INSERT INTO `communities_users` (`community_id`, `user_id`) VALUES (14, 91);
INSERT INTO `communities_users` (`community_id`, `user_id`) VALUES (17, 77);
INSERT INTO `communities_users` (`community_id`, `user_id`) VALUES (17, 89);
INSERT INTO `communities_users` (`community_id`, `user_id`) VALUES (19, 15);
INSERT INTO `communities_users` (`community_id`, `user_id`) VALUES (19, 88);
INSERT INTO `communities_users` (`community_id`, `user_id`) VALUES (20, 22);
INSERT INTO `communities_users` (`community_id`, `user_id`) VALUES (21, 93);
INSERT INTO `communities_users` (`community_id`, `user_id`) VALUES (21, 99);
INSERT INTO `communities_users` (`community_id`, `user_id`) VALUES (23, 14);
INSERT INTO `communities_users` (`community_id`, `user_id`) VALUES (25, 30);
INSERT INTO `communities_users` (`community_id`, `user_id`) VALUES (25, 41);
INSERT INTO `communities_users` (`community_id`, `user_id`) VALUES (26, 21);
INSERT INTO `communities_users` (`community_id`, `user_id`) VALUES (29, 62);
INSERT INTO `communities_users` (`community_id`, `user_id`) VALUES (29, 73);
INSERT INTO `communities_users` (`community_id`, `user_id`) VALUES (30, 56);
INSERT INTO `communities_users` (`community_id`, `user_id`) VALUES (31, 18);
INSERT INTO `communities_users` (`community_id`, `user_id`) VALUES (32, 19);
INSERT INTO `communities_users` (`community_id`, `user_id`) VALUES (32, 33);
INSERT INTO `communities_users` (`community_id`, `user_id`) VALUES (32, 42);
INSERT INTO `communities_users` (`community_id`, `user_id`) VALUES (33, 89);
INSERT INTO `communities_users` (`community_id`, `user_id`) VALUES (35, 57);
INSERT INTO `communities_users` (`community_id`, `user_id`) VALUES (35, 95);
INSERT INTO `communities_users` (`community_id`, `user_id`) VALUES (37, 32);
INSERT INTO `communities_users` (`community_id`, `user_id`) VALUES (40, 61);
INSERT INTO `communities_users` (`community_id`, `user_id`) VALUES (41, 61);
INSERT INTO `communities_users` (`community_id`, `user_id`) VALUES (41, 89);
INSERT INTO `communities_users` (`community_id`, `user_id`) VALUES (44, 47);
INSERT INTO `communities_users` (`community_id`, `user_id`) VALUES (45, 15);
INSERT INTO `communities_users` (`community_id`, `user_id`) VALUES (45, 67);
INSERT INTO `communities_users` (`community_id`, `user_id`) VALUES (47, 75);
INSERT INTO `communities_users` (`community_id`, `user_id`) VALUES (48, 43);
INSERT INTO `communities_users` (`community_id`, `user_id`) VALUES (48, 79);
INSERT INTO `communities_users` (`community_id`, `user_id`) VALUES (49, 14);
INSERT INTO `communities_users` (`community_id`, `user_id`) VALUES (49, 47);
INSERT INTO `communities_users` (`community_id`, `user_id`) VALUES (49, 48);
INSERT INTO `communities_users` (`community_id`, `user_id`) VALUES (49, 55);
INSERT INTO `communities_users` (`community_id`, `user_id`) VALUES (50, 26);
INSERT INTO `communities_users` (`community_id`, `user_id`) VALUES (50, 67);
INSERT INTO `communities_users` (`community_id`, `user_id`) VALUES (51, 60);
INSERT INTO `communities_users` (`community_id`, `user_id`) VALUES (51, 72);
INSERT INTO `communities_users` (`community_id`, `user_id`) VALUES (53, 60);
INSERT INTO `communities_users` (`community_id`, `user_id`) VALUES (54, 23);
INSERT INTO `communities_users` (`community_id`, `user_id`) VALUES (54, 31);
INSERT INTO `communities_users` (`community_id`, `user_id`) VALUES (55, 81);
INSERT INTO `communities_users` (`community_id`, `user_id`) VALUES (56, 44);
INSERT INTO `communities_users` (`community_id`, `user_id`) VALUES (57, 40);
INSERT INTO `communities_users` (`community_id`, `user_id`) VALUES (57, 43);
INSERT INTO `communities_users` (`community_id`, `user_id`) VALUES (58, 97);
INSERT INTO `communities_users` (`community_id`, `user_id`) VALUES (58, 98);
INSERT INTO `communities_users` (`community_id`, `user_id`) VALUES (60, 13);
INSERT INTO `communities_users` (`community_id`, `user_id`) VALUES (60, 76);
INSERT INTO `communities_users` (`community_id`, `user_id`) VALUES (63, 32);
INSERT INTO `communities_users` (`community_id`, `user_id`) VALUES (63, 65);
INSERT INTO `communities_users` (`community_id`, `user_id`) VALUES (64, 28);
INSERT INTO `communities_users` (`community_id`, `user_id`) VALUES (64, 58);
INSERT INTO `communities_users` (`community_id`, `user_id`) VALUES (65, 27);
INSERT INTO `communities_users` (`community_id`, `user_id`) VALUES (65, 52);
INSERT INTO `communities_users` (`community_id`, `user_id`) VALUES (66, 100);
INSERT INTO `communities_users` (`community_id`, `user_id`) VALUES (67, 82);
INSERT INTO `communities_users` (`community_id`, `user_id`) VALUES (68, 76);
INSERT INTO `communities_users` (`community_id`, `user_id`) VALUES (69, 75);
INSERT INTO `communities_users` (`community_id`, `user_id`) VALUES (71, 29);
INSERT INTO `communities_users` (`community_id`, `user_id`) VALUES (71, 67);
INSERT INTO `communities_users` (`community_id`, `user_id`) VALUES (71, 79);
INSERT INTO `communities_users` (`community_id`, `user_id`) VALUES (72, 2);
INSERT INTO `communities_users` (`community_id`, `user_id`) VALUES (72, 55);
INSERT INTO `communities_users` (`community_id`, `user_id`) VALUES (73, 28);
INSERT INTO `communities_users` (`community_id`, `user_id`) VALUES (73, 94);
INSERT INTO `communities_users` (`community_id`, `user_id`) VALUES (73, 99);
INSERT INTO `communities_users` (`community_id`, `user_id`) VALUES (74, 35);
INSERT INTO `communities_users` (`community_id`, `user_id`) VALUES (75, 29);
INSERT INTO `communities_users` (`community_id`, `user_id`) VALUES (77, 51);
INSERT INTO `communities_users` (`community_id`, `user_id`) VALUES (78, 43);
INSERT INTO `communities_users` (`community_id`, `user_id`) VALUES (78, 53);
INSERT INTO `communities_users` (`community_id`, `user_id`) VALUES (78, 57);
INSERT INTO `communities_users` (`community_id`, `user_id`) VALUES (80, 81);
INSERT INTO `communities_users` (`community_id`, `user_id`) VALUES (82, 47);
INSERT INTO `communities_users` (`community_id`, `user_id`) VALUES (83, 21);
INSERT INTO `communities_users` (`community_id`, `user_id`) VALUES (83, 47);
INSERT INTO `communities_users` (`community_id`, `user_id`) VALUES (84, 55);
INSERT INTO `communities_users` (`community_id`, `user_id`) VALUES (85, 51);
INSERT INTO `communities_users` (`community_id`, `user_id`) VALUES (87, 19);
INSERT INTO `communities_users` (`community_id`, `user_id`) VALUES (88, 8);
INSERT INTO `communities_users` (`community_id`, `user_id`) VALUES (88, 13);
INSERT INTO `communities_users` (`community_id`, `user_id`) VALUES (89, 85);
INSERT INTO `communities_users` (`community_id`, `user_id`) VALUES (91, 35);
INSERT INTO `communities_users` (`community_id`, `user_id`) VALUES (91, 85);
INSERT INTO `communities_users` (`community_id`, `user_id`) VALUES (95, 19);
INSERT INTO `communities_users` (`community_id`, `user_id`) VALUES (99, 50);
INSERT INTO `communities_users` (`community_id`, `user_id`) VALUES (100, 21);
INSERT INTO `communities_users` (`community_id`, `user_id`) VALUES (100, 66);


#
# TABLE STRUCTURE FOR: friendship
#

DROP TABLE IF EXISTS `friendship`;

CREATE TABLE `friendship` (
  `user_id` int(10) unsigned NOT NULL,
  `friend_id` int(10) unsigned NOT NULL,
  `status_id` int(10) unsigned NOT NULL,
  `requested_at` datetime DEFAULT current_timestamp(),
  `confirmed_at` datetime DEFAULT NULL,
  PRIMARY KEY (`user_id`,`friend_id`)
) ENGINE=InnoDB DEFAULT CHARSET=utf8 COLLATE=utf8_unicode_ci;

INSERT INTO `friendship` (`user_id`, `friend_id`, `status_id`, `requested_at`, `confirmed_at`) VALUES (1, 1, 1, '1988-04-19 17:37:34', '1994-07-31 17:09:14');
INSERT INTO `friendship` (`user_id`, `friend_id`, `status_id`, `requested_at`, `confirmed_at`) VALUES (2, 10, 2, '2017-01-22 21:25:08', '1970-07-07 01:16:32');
INSERT INTO `friendship` (`user_id`, `friend_id`, `status_id`, `requested_at`, `confirmed_at`) VALUES (4, 1, 6, '2017-01-28 19:52:59', '1987-01-03 00:27:57');
INSERT INTO `friendship` (`user_id`, `friend_id`, `status_id`, `requested_at`, `confirmed_at`) VALUES (4, 7, 3, '1978-12-26 16:36:29', '1992-09-22 05:30:48');
INSERT INTO `friendship` (`user_id`, `friend_id`, `status_id`, `requested_at`, `confirmed_at`) VALUES (5, 3, 5, '1976-09-27 14:57:54', '1988-01-06 01:01:02');
INSERT INTO `friendship` (`user_id`, `friend_id`, `status_id`, `requested_at`, `confirmed_at`) VALUES (7, 1, 1, '2018-10-16 18:08:44', '1987-09-09 13:40:35');
INSERT INTO `friendship` (`user_id`, `friend_id`, `status_id`, `requested_at`, `confirmed_at`) VALUES (7, 3, 4, '1991-10-14 14:47:42', '1986-08-05 05:28:27');
INSERT INTO `friendship` (`user_id`, `friend_id`, `status_id`, `requested_at`, `confirmed_at`) VALUES (7, 6, 5, '2010-04-15 00:23:17', '1997-09-29 13:39:23');
INSERT INTO `friendship` (`user_id`, `friend_id`, `status_id`, `requested_at`, `confirmed_at`) VALUES (9, 0, 10, '1994-01-12 20:08:53', '1988-10-04 20:54:58');
INSERT INTO `friendship` (`user_id`, `friend_id`, `status_id`, `requested_at`, `confirmed_at`) VALUES (9, 1, 2, '1990-05-15 18:31:39', '2017-06-17 02:48:38');
INSERT INTO `friendship` (`user_id`, `friend_id`, `status_id`, `requested_at`, `confirmed_at`) VALUES (9, 4, 5, '1987-01-28 12:28:57', '1971-04-02 04:30:07');
INSERT INTO `friendship` (`user_id`, `friend_id`, `status_id`, `requested_at`, `confirmed_at`) VALUES (11, 6, 1, '1975-02-21 02:48:43', '1975-02-16 02:01:26');
INSERT INTO `friendship` (`user_id`, `friend_id`, `status_id`, `requested_at`, `confirmed_at`) VALUES (12, 10, 5, '1984-03-17 08:12:22', '1972-06-04 03:53:55');
INSERT INTO `friendship` (`user_id`, `friend_id`, `status_id`, `requested_at`, `confirmed_at`) VALUES (15, 6, 7, '1995-03-15 16:29:54', '2017-04-02 10:51:31');
INSERT INTO `friendship` (`user_id`, `friend_id`, `status_id`, `requested_at`, `confirmed_at`) VALUES (15, 9, 3, '2019-03-06 13:34:35', '2013-08-12 00:20:38');
INSERT INTO `friendship` (`user_id`, `friend_id`, `status_id`, `requested_at`, `confirmed_at`) VALUES (16, 3, 4, '2008-06-20 04:28:11', '1972-03-22 10:17:41');
INSERT INTO `friendship` (`user_id`, `friend_id`, `status_id`, `requested_at`, `confirmed_at`) VALUES (18, 9, 10, '2007-05-07 19:17:35', '1979-09-29 11:17:12');
INSERT INTO `friendship` (`user_id`, `friend_id`, `status_id`, `requested_at`, `confirmed_at`) VALUES (18, 10, 3, '1982-02-05 11:14:17', '1993-01-09 19:13:06');
INSERT INTO `friendship` (`user_id`, `friend_id`, `status_id`, `requested_at`, `confirmed_at`) VALUES (19, 6, 10, '1986-12-27 19:03:46', '2018-08-26 21:33:42');
INSERT INTO `friendship` (`user_id`, `friend_id`, `status_id`, `requested_at`, `confirmed_at`) VALUES (21, 5, 8, '1971-03-13 23:23:48', '1980-04-19 03:54:57');
INSERT INTO `friendship` (`user_id`, `friend_id`, `status_id`, `requested_at`, `confirmed_at`) VALUES (21, 6, 5, '1989-05-04 03:26:40', '1988-09-05 11:50:41');
INSERT INTO `friendship` (`user_id`, `friend_id`, `status_id`, `requested_at`, `confirmed_at`) VALUES (21, 9, 8, '2006-09-04 23:47:01', '1987-11-25 05:05:50');
INSERT INTO `friendship` (`user_id`, `friend_id`, `status_id`, `requested_at`, `confirmed_at`) VALUES (23, 4, 9, '1989-04-21 05:38:52', '1990-02-11 14:05:33');
INSERT INTO `friendship` (`user_id`, `friend_id`, `status_id`, `requested_at`, `confirmed_at`) VALUES (23, 11, 1, '1979-05-14 01:42:19', '1989-04-06 01:48:30');
INSERT INTO `friendship` (`user_id`, `friend_id`, `status_id`, `requested_at`, `confirmed_at`) VALUES (24, 6, 6, '2011-04-29 08:01:42', '2007-06-16 20:56:59');
INSERT INTO `friendship` (`user_id`, `friend_id`, `status_id`, `requested_at`, `confirmed_at`) VALUES (25, 10, 5, '2011-02-21 05:16:01', '2014-09-07 09:43:30');
INSERT INTO `friendship` (`user_id`, `friend_id`, `status_id`, `requested_at`, `confirmed_at`) VALUES (27, 2, 9, '1992-06-13 12:56:47', '1981-11-16 15:44:41');
INSERT INTO `friendship` (`user_id`, `friend_id`, `status_id`, `requested_at`, `confirmed_at`) VALUES (27, 6, 4, '1991-06-29 11:29:38', '1997-06-19 08:03:45');
INSERT INTO `friendship` (`user_id`, `friend_id`, `status_id`, `requested_at`, `confirmed_at`) VALUES (28, 0, 9, '2008-09-19 22:36:14', '1970-06-02 15:47:16');
INSERT INTO `friendship` (`user_id`, `friend_id`, `status_id`, `requested_at`, `confirmed_at`) VALUES (28, 1, 6, '1972-08-27 23:00:03', '1986-08-28 11:24:34');
INSERT INTO `friendship` (`user_id`, `friend_id`, `status_id`, `requested_at`, `confirmed_at`) VALUES (28, 9, 10, '2018-06-11 06:22:27', '1978-03-23 17:58:57');
INSERT INTO `friendship` (`user_id`, `friend_id`, `status_id`, `requested_at`, `confirmed_at`) VALUES (29, 8, 5, '2001-07-23 03:30:21', '2011-12-03 00:49:54');
INSERT INTO `friendship` (`user_id`, `friend_id`, `status_id`, `requested_at`, `confirmed_at`) VALUES (30, 2, 10, '2016-01-13 16:04:53', '1988-10-07 11:48:40');
INSERT INTO `friendship` (`user_id`, `friend_id`, `status_id`, `requested_at`, `confirmed_at`) VALUES (31, 8, 1, '2007-07-24 07:07:08', '1990-11-20 03:55:50');
INSERT INTO `friendship` (`user_id`, `friend_id`, `status_id`, `requested_at`, `confirmed_at`) VALUES (32, 2, 6, '2004-03-22 15:16:40', '1982-08-10 22:15:10');
INSERT INTO `friendship` (`user_id`, `friend_id`, `status_id`, `requested_at`, `confirmed_at`) VALUES (32, 5, 10, '1977-04-04 19:47:36', '2008-04-23 10:19:22');
INSERT INTO `friendship` (`user_id`, `friend_id`, `status_id`, `requested_at`, `confirmed_at`) VALUES (36, 2, 2, '2002-05-05 00:18:23', '1987-11-19 04:26:04');
INSERT INTO `friendship` (`user_id`, `friend_id`, `status_id`, `requested_at`, `confirmed_at`) VALUES (37, 7, 1, '1978-05-08 11:06:13', '1982-11-10 15:38:19');
INSERT INTO `friendship` (`user_id`, `friend_id`, `status_id`, `requested_at`, `confirmed_at`) VALUES (38, 11, 1, '1981-05-08 04:02:37', '2005-12-27 06:12:04');
INSERT INTO `friendship` (`user_id`, `friend_id`, `status_id`, `requested_at`, `confirmed_at`) VALUES (39, 4, 1, '1981-01-01 14:07:36', '1999-06-02 16:36:52');
INSERT INTO `friendship` (`user_id`, `friend_id`, `status_id`, `requested_at`, `confirmed_at`) VALUES (39, 5, 9, '2014-06-21 11:31:35', '2007-12-24 11:26:00');
INSERT INTO `friendship` (`user_id`, `friend_id`, `status_id`, `requested_at`, `confirmed_at`) VALUES (40, 8, 1, '1979-07-17 10:36:15', '1977-04-24 22:02:54');
INSERT INTO `friendship` (`user_id`, `friend_id`, `status_id`, `requested_at`, `confirmed_at`) VALUES (41, 10, 7, '1990-02-21 01:52:23', '1982-01-20 10:05:21');
INSERT INTO `friendship` (`user_id`, `friend_id`, `status_id`, `requested_at`, `confirmed_at`) VALUES (42, 1, 8, '2006-12-22 11:46:37', '2012-12-02 21:36:37');
INSERT INTO `friendship` (`user_id`, `friend_id`, `status_id`, `requested_at`, `confirmed_at`) VALUES (42, 2, 6, '2007-11-03 02:10:56', '2013-02-23 07:25:06');
INSERT INTO `friendship` (`user_id`, `friend_id`, `status_id`, `requested_at`, `confirmed_at`) VALUES (42, 8, 2, '1995-12-03 21:35:09', '2002-06-15 22:49:49');
INSERT INTO `friendship` (`user_id`, `friend_id`, `status_id`, `requested_at`, `confirmed_at`) VALUES (46, 8, 8, '1997-03-15 01:36:17', '1983-04-04 15:53:01');
INSERT INTO `friendship` (`user_id`, `friend_id`, `status_id`, `requested_at`, `confirmed_at`) VALUES (46, 10, 4, '1987-10-14 16:32:32', '1974-02-23 22:01:35');
INSERT INTO `friendship` (`user_id`, `friend_id`, `status_id`, `requested_at`, `confirmed_at`) VALUES (47, 10, 7, '1993-02-01 06:39:53', '1983-02-22 22:57:10');
INSERT INTO `friendship` (`user_id`, `friend_id`, `status_id`, `requested_at`, `confirmed_at`) VALUES (48, 8, 6, '2004-05-04 16:39:13', '1972-03-11 18:10:43');
INSERT INTO `friendship` (`user_id`, `friend_id`, `status_id`, `requested_at`, `confirmed_at`) VALUES (51, 6, 3, '1994-11-11 12:23:04', '2009-03-14 20:06:55');
INSERT INTO `friendship` (`user_id`, `friend_id`, `status_id`, `requested_at`, `confirmed_at`) VALUES (53, 1, 6, '1996-08-30 20:27:55', '1982-12-01 05:29:34');
INSERT INTO `friendship` (`user_id`, `friend_id`, `status_id`, `requested_at`, `confirmed_at`) VALUES (54, 6, 5, '2016-03-18 03:37:24', '2003-03-05 21:56:22');
INSERT INTO `friendship` (`user_id`, `friend_id`, `status_id`, `requested_at`, `confirmed_at`) VALUES (56, 11, 8, '2003-07-04 02:57:41', '2018-11-05 11:11:01');
INSERT INTO `friendship` (`user_id`, `friend_id`, `status_id`, `requested_at`, `confirmed_at`) VALUES (57, 1, 2, '1994-07-23 03:38:42', '2004-09-13 02:01:26');
INSERT INTO `friendship` (`user_id`, `friend_id`, `status_id`, `requested_at`, `confirmed_at`) VALUES (58, 0, 3, '1987-08-29 00:43:51', '2006-12-31 21:55:29');
INSERT INTO `friendship` (`user_id`, `friend_id`, `status_id`, `requested_at`, `confirmed_at`) VALUES (60, 9, 9, '1998-05-14 01:53:02', '1984-10-06 07:02:31');
INSERT INTO `friendship` (`user_id`, `friend_id`, `status_id`, `requested_at`, `confirmed_at`) VALUES (61, 4, 10, '1987-07-29 14:15:43', '1974-01-07 07:14:05');
INSERT INTO `friendship` (`user_id`, `friend_id`, `status_id`, `requested_at`, `confirmed_at`) VALUES (63, 2, 9, '1978-06-16 16:03:50', '1986-08-12 03:28:38');
INSERT INTO `friendship` (`user_id`, `friend_id`, `status_id`, `requested_at`, `confirmed_at`) VALUES (64, 4, 8, '1973-05-17 09:57:18', '1980-11-06 14:23:56');
INSERT INTO `friendship` (`user_id`, `friend_id`, `status_id`, `requested_at`, `confirmed_at`) VALUES (64, 6, 4, '1991-01-03 07:02:46', '1985-01-10 08:53:17');
INSERT INTO `friendship` (`user_id`, `friend_id`, `status_id`, `requested_at`, `confirmed_at`) VALUES (64, 7, 4, '1981-07-20 09:19:54', '1996-12-25 07:24:07');
INSERT INTO `friendship` (`user_id`, `friend_id`, `status_id`, `requested_at`, `confirmed_at`) VALUES (65, 0, 10, '2019-01-11 08:12:51', '1993-08-25 13:26:48');
INSERT INTO `friendship` (`user_id`, `friend_id`, `status_id`, `requested_at`, `confirmed_at`) VALUES (65, 7, 10, '2005-03-24 05:11:50', '1979-06-02 09:07:32');
INSERT INTO `friendship` (`user_id`, `friend_id`, `status_id`, `requested_at`, `confirmed_at`) VALUES (66, 0, 5, '2011-02-17 16:07:44', '1979-12-31 02:15:05');
INSERT INTO `friendship` (`user_id`, `friend_id`, `status_id`, `requested_at`, `confirmed_at`) VALUES (66, 4, 4, '2019-07-19 05:26:45', '2010-04-19 07:01:12');
INSERT INTO `friendship` (`user_id`, `friend_id`, `status_id`, `requested_at`, `confirmed_at`) VALUES (68, 8, 1, '1988-11-02 17:29:41', '1972-12-19 12:14:48');
INSERT INTO `friendship` (`user_id`, `friend_id`, `status_id`, `requested_at`, `confirmed_at`) VALUES (69, 8, 6, '1970-01-29 12:31:17', '1999-07-02 08:33:20');
INSERT INTO `friendship` (`user_id`, `friend_id`, `status_id`, `requested_at`, `confirmed_at`) VALUES (70, 3, 6, '1971-06-20 07:02:36', '1983-10-12 15:10:18');
INSERT INTO `friendship` (`user_id`, `friend_id`, `status_id`, `requested_at`, `confirmed_at`) VALUES (70, 9, 7, '1985-05-26 23:09:22', '2002-05-14 15:51:38');
INSERT INTO `friendship` (`user_id`, `friend_id`, `status_id`, `requested_at`, `confirmed_at`) VALUES (71, 1, 1, '1984-10-13 19:54:13', '2004-08-08 10:11:31');
INSERT INTO `friendship` (`user_id`, `friend_id`, `status_id`, `requested_at`, `confirmed_at`) VALUES (71, 8, 2, '2012-06-24 16:31:36', '2017-04-22 08:53:08');
INSERT INTO `friendship` (`user_id`, `friend_id`, `status_id`, `requested_at`, `confirmed_at`) VALUES (72, 9, 6, '2015-04-29 07:22:11', '1997-06-01 04:29:24');
INSERT INTO `friendship` (`user_id`, `friend_id`, `status_id`, `requested_at`, `confirmed_at`) VALUES (73, 1, 8, '1976-10-03 04:13:18', '1983-11-03 07:27:51');
INSERT INTO `friendship` (`user_id`, `friend_id`, `status_id`, `requested_at`, `confirmed_at`) VALUES (74, 3, 8, '2008-03-12 11:44:27', '2009-04-08 03:41:04');
INSERT INTO `friendship` (`user_id`, `friend_id`, `status_id`, `requested_at`, `confirmed_at`) VALUES (75, 11, 1, '2011-06-21 05:49:05', '2003-08-16 16:51:19');
INSERT INTO `friendship` (`user_id`, `friend_id`, `status_id`, `requested_at`, `confirmed_at`) VALUES (78, 1, 1, '2011-11-01 14:18:02', '1982-11-05 04:40:46');
INSERT INTO `friendship` (`user_id`, `friend_id`, `status_id`, `requested_at`, `confirmed_at`) VALUES (78, 6, 7, '2015-11-03 20:58:49', '2004-05-27 18:11:04');
INSERT INTO `friendship` (`user_id`, `friend_id`, `status_id`, `requested_at`, `confirmed_at`) VALUES (81, 11, 1, '1972-08-28 22:27:04', '1979-01-09 14:02:17');
INSERT INTO `friendship` (`user_id`, `friend_id`, `status_id`, `requested_at`, `confirmed_at`) VALUES (84, 10, 1, '1991-06-18 22:55:14', '1987-11-14 05:51:47');
INSERT INTO `friendship` (`user_id`, `friend_id`, `status_id`, `requested_at`, `confirmed_at`) VALUES (85, 8, 2, '1984-12-28 11:22:39', '1993-07-03 14:56:29');
INSERT INTO `friendship` (`user_id`, `friend_id`, `status_id`, `requested_at`, `confirmed_at`) VALUES (85, 11, 2, '1990-03-07 05:02:41', '2016-08-09 17:59:38');
INSERT INTO `friendship` (`user_id`, `friend_id`, `status_id`, `requested_at`, `confirmed_at`) VALUES (86, 4, 1, '2006-07-28 02:07:33', '1993-09-12 08:09:32');
INSERT INTO `friendship` (`user_id`, `friend_id`, `status_id`, `requested_at`, `confirmed_at`) VALUES (86, 10, 6, '2002-06-16 18:05:40', '1981-07-26 02:53:54');
INSERT INTO `friendship` (`user_id`, `friend_id`, `status_id`, `requested_at`, `confirmed_at`) VALUES (88, 8, 9, '1994-05-03 11:45:28', '2016-10-16 16:21:53');
INSERT INTO `friendship` (`user_id`, `friend_id`, `status_id`, `requested_at`, `confirmed_at`) VALUES (89, 6, 8, '2017-01-15 19:28:46', '2003-11-05 21:41:13');
INSERT INTO `friendship` (`user_id`, `friend_id`, `status_id`, `requested_at`, `confirmed_at`) VALUES (89, 11, 9, '1983-11-08 15:29:00', '1979-08-13 23:35:38');
INSERT INTO `friendship` (`user_id`, `friend_id`, `status_id`, `requested_at`, `confirmed_at`) VALUES (90, 0, 5, '1979-11-26 05:43:28', '2003-09-03 20:45:19');
INSERT INTO `friendship` (`user_id`, `friend_id`, `status_id`, `requested_at`, `confirmed_at`) VALUES (90, 1, 9, '1998-04-27 06:20:25', '1997-12-04 07:25:30');
INSERT INTO `friendship` (`user_id`, `friend_id`, `status_id`, `requested_at`, `confirmed_at`) VALUES (91, 0, 1, '2013-09-21 13:14:10', '1982-06-24 16:03:49');
INSERT INTO `friendship` (`user_id`, `friend_id`, `status_id`, `requested_at`, `confirmed_at`) VALUES (93, 4, 3, '2009-09-22 20:06:12', '2018-08-13 12:27:03');
INSERT INTO `friendship` (`user_id`, `friend_id`, `status_id`, `requested_at`, `confirmed_at`) VALUES (94, 6, 5, '1971-10-14 15:19:55', '1985-06-16 02:46:40');
INSERT INTO `friendship` (`user_id`, `friend_id`, `status_id`, `requested_at`, `confirmed_at`) VALUES (94, 9, 9, '1988-12-20 22:23:53', '1971-10-08 22:29:54');
INSERT INTO `friendship` (`user_id`, `friend_id`, `status_id`, `requested_at`, `confirmed_at`) VALUES (96, 8, 2, '1978-12-21 00:01:23', '1988-06-03 03:01:49');
INSERT INTO `friendship` (`user_id`, `friend_id`, `status_id`, `requested_at`, `confirmed_at`) VALUES (98, 3, 10, '1977-08-27 18:29:56', '2011-10-19 10:36:28');


#
# TABLE STRUCTURE FOR: friendship_statuses
#

DROP TABLE IF EXISTS `friendship_statuses`;

CREATE TABLE `friendship_statuses` (
  `id` int(10) unsigned NOT NULL AUTO_INCREMENT,
  `name` varchar(150) COLLATE utf8_unicode_ci NOT NULL,
  PRIMARY KEY (`id`),
  UNIQUE KEY `name` (`name`)
) ENGINE=InnoDB AUTO_INCREMENT=11 DEFAULT CHARSET=utf8 COLLATE=utf8_unicode_ci;

INSERT INTO `friendship_statuses` (`id`, `name`) VALUES (8, 'ab');
INSERT INTO `friendship_statuses` (`id`, `name`) VALUES (9, 'asperiores');
INSERT INTO `friendship_statuses` (`id`, `name`) VALUES (2, 'ea');
INSERT INTO `friendship_statuses` (`id`, `name`) VALUES (1, 'esse');
INSERT INTO `friendship_statuses` (`id`, `name`) VALUES (3, 'ipsam');
INSERT INTO `friendship_statuses` (`id`, `name`) VALUES (7, 'maxime');
INSERT INTO `friendship_statuses` (`id`, `name`) VALUES (4, 'nulla');
INSERT INTO `friendship_statuses` (`id`, `name`) VALUES (6, 'sit');
INSERT INTO `friendship_statuses` (`id`, `name`) VALUES (10, 'ullam');
INSERT INTO `friendship_statuses` (`id`, `name`) VALUES (5, 'voluptatem');


#
# TABLE STRUCTURE FOR: media
#

DROP TABLE IF EXISTS `media`;

CREATE TABLE `media` (
  `id` int(10) unsigned NOT NULL AUTO_INCREMENT,
  `media_type_id` int(10) unsigned NOT NULL,
  `user_id` int(10) unsigned NOT NULL,
  `filename` varchar(255) COLLATE utf8_unicode_ci NOT NULL,
  `size` int(11) NOT NULL,
  `metadata` longtext CHARACTER SET utf8mb4 COLLATE utf8mb4_bin DEFAULT NULL,
  `created_at` datetime DEFAULT current_timestamp(),
  `updated_at` datetime DEFAULT current_timestamp() ON UPDATE current_timestamp(),
  PRIMARY KEY (`id`)
) ENGINE=InnoDB AUTO_INCREMENT=101 DEFAULT CHARSET=utf8 COLLATE=utf8_unicode_ci;

INSERT INTO `media` (`id`, `media_type_id`, `user_id`, `filename`, `size`, `metadata`, `created_at`, `updated_at`) VALUES (1, 4, 24, 'application/vnd.fdsn.mseed', 900135, 'Consectetur fugit aut assumenda ut quo et eos. Ut quia qui odit eos quia asperiores. Maxime vel quis necessitatibus amet a reprehenderit deleniti. Itaque eaque dolorum quasi dolores.', '1990-05-26 17:12:29', '1973-05-23 20:36:04');
INSERT INTO `media` (`id`, `media_type_id`, `user_id`, `filename`, `size`, `metadata`, `created_at`, `updated_at`) VALUES (2, 7, 41, 'image/x-cmx', 9431, 'Distinctio itaque magnam quia dolores maxime. Minima ut quaerat quibusdam modi nulla. Aut dolorum ea qui accusamus.', '1986-04-28 22:39:16', '1988-08-03 20:50:53');
INSERT INTO `media` (`id`, `media_type_id`, `user_id`, `filename`, `size`, `metadata`, `created_at`, `updated_at`) VALUES (3, 5, 59, 'image/gif', 718, 'Labore voluptas in repellendus sapiente nesciunt. Dignissimos voluptas qui quam veritatis natus sunt.', '2019-10-01 05:01:06', '2007-04-09 01:44:04');
INSERT INTO `media` (`id`, `media_type_id`, `user_id`, `filename`, `size`, `metadata`, `created_at`, `updated_at`) VALUES (4, 2, 86, 'application/yin+xml', 1594, 'Consectetur iusto et tempore laudantium dolorem in omnis. Sunt in molestiae quam quidem. Voluptatem odio non iusto quae iste nihil repellendus. Repudiandae suscipit quo aliquam et nostrum.', '1991-01-12 15:54:30', '1988-04-15 14:17:49');
INSERT INTO `media` (`id`, `media_type_id`, `user_id`, `filename`, `size`, `metadata`, `created_at`, `updated_at`) VALUES (5, 9, 89, 'application/rdf+xml', 0, 'Eos culpa minus repellendus autem et. Rerum sed voluptatem adipisci quod qui non qui tempora. Amet vel impedit fuga dolorem magni harum. Qui dolorem ipsam sunt hic.', '2011-12-20 16:39:40', '1988-06-23 15:07:51');
INSERT INTO `media` (`id`, `media_type_id`, `user_id`, `filename`, `size`, `metadata`, `created_at`, `updated_at`) VALUES (6, 1, 37, 'text/troff', 4960433, 'Qui in aut animi incidunt possimus enim. Doloremque quis consequatur nobis cumque explicabo aperiam neque. Quo beatae nemo dolorem placeat fugit est. Non voluptates fugit et magni eius.', '1981-05-27 20:01:31', '2001-12-02 09:37:40');
INSERT INTO `media` (`id`, `media_type_id`, `user_id`, `filename`, `size`, `metadata`, `created_at`, `updated_at`) VALUES (7, 6, 50, 'video/vnd.fvt', 479589, 'Sed placeat dolorem inventore ullam harum dolores repudiandae aperiam. Et facere suscipit doloribus est in itaque consequuntur officiis. Accusamus omnis aut aut ad enim facilis.', '1974-02-03 06:53:30', '1990-03-06 23:35:38');
INSERT INTO `media` (`id`, `media_type_id`, `user_id`, `filename`, `size`, `metadata`, `created_at`, `updated_at`) VALUES (8, 2, 73, 'application/octet-stream', 109092861, 'At aut voluptate molestiae repellendus dignissimos. Quia et aut nostrum voluptas autem fugit. Et quas et omnis voluptatum sit est quibusdam. Nostrum neque est enim nihil qui.', '2017-06-20 21:48:46', '1996-08-02 02:12:34');
INSERT INTO `media` (`id`, `media_type_id`, `user_id`, `filename`, `size`, `metadata`, `created_at`, `updated_at`) VALUES (9, 10, 72, 'text/vnd.curl.scurl', 3486, 'Dolorem rerum omnis itaque. Illo quibusdam id voluptas beatae accusamus. Ipsa ullam reiciendis magni aspernatur quibusdam dolorum.', '2016-09-15 04:18:08', '2004-09-28 02:55:53');
INSERT INTO `media` (`id`, `media_type_id`, `user_id`, `filename`, `size`, `metadata`, `created_at`, `updated_at`) VALUES (10, 1, 56, 'application/x-debian-package', 0, 'Optio atque enim autem non nam. Voluptatem eos ipsa doloremque omnis et repellendus qui corporis. Deserunt est ullam magni est sint fuga.', '2008-07-18 04:58:44', '2015-08-07 19:28:34');
INSERT INTO `media` (`id`, `media_type_id`, `user_id`, `filename`, `size`, `metadata`, `created_at`, `updated_at`) VALUES (11, 7, 61, 'application/vnd.lotus-organizer', 359520569, 'Fuga qui ut voluptate tempore. Mollitia voluptate ad maxime sapiente placeat quia. Non et nihil est. Tenetur quia dolorem provident tenetur alias maiores.', '1998-09-19 07:13:35', '2019-01-07 12:39:02');
INSERT INTO `media` (`id`, `media_type_id`, `user_id`, `filename`, `size`, `metadata`, `created_at`, `updated_at`) VALUES (12, 6, 8, 'application/vnd.dece.zip', 22366661, 'Enim rerum non consectetur beatae saepe. Quos officia dolorum atque. Voluptatem enim recusandae adipisci rerum assumenda et eius.', '2006-03-05 11:06:11', '2006-09-11 03:46:05');
INSERT INTO `media` (`id`, `media_type_id`, `user_id`, `filename`, `size`, `metadata`, `created_at`, `updated_at`) VALUES (13, 6, 87, 'text/vnd.dvb.subtitle', 28030, 'Qui molestiae nesciunt suscipit doloribus. Reiciendis vel labore aut consequatur odio dolorem.\nFacere eos optio ad. Et qui qui qui eligendi porro corporis. Nam enim natus vel.', '2017-12-12 05:44:22', '1977-09-18 10:20:29');
INSERT INTO `media` (`id`, `media_type_id`, `user_id`, `filename`, `size`, `metadata`, `created_at`, `updated_at`) VALUES (14, 2, 25, 'audio/x-pn-realaudio-plugin', 189450, 'Et possimus voluptas voluptas dolore nostrum. Nemo at maxime nam deserunt. Consequatur et autem nulla nam ut nobis quia. Eum vero ratione ut reprehenderit aliquam voluptatem.', '1988-01-07 18:51:37', '2016-11-27 01:52:03');
INSERT INTO `media` (`id`, `media_type_id`, `user_id`, `filename`, `size`, `metadata`, `created_at`, `updated_at`) VALUES (15, 10, 81, 'application/x-font-woff', 43, 'Accusamus dolores ab maxime aperiam optio. Consequatur fugit voluptatem impedit harum. Rerum velit aperiam ut sunt excepturi omnis eum. Laboriosam qui exercitationem dolor dignissimos.', '1992-06-20 09:46:16', '2013-09-12 22:12:10');
INSERT INTO `media` (`id`, `media_type_id`, `user_id`, `filename`, `size`, `metadata`, `created_at`, `updated_at`) VALUES (16, 7, 61, 'application/vnd.dreamfactory', 590094, 'Ducimus perferendis porro rerum quas quia. Et sit laudantium debitis nam. Voluptates fugit aut tempore voluptatem corrupti numquam. Fuga adipisci voluptatem id natus illo saepe.', '2018-03-03 14:49:35', '1979-10-05 01:46:07');
INSERT INTO `media` (`id`, `media_type_id`, `user_id`, `filename`, `size`, `metadata`, `created_at`, `updated_at`) VALUES (17, 3, 70, 'application/xml-dtd', 0, 'Provident earum est distinctio itaque occaecati ex. Velit voluptates qui quis illum ab illo. In beatae fuga corrupti hic ratione illo ut laudantium. Est quia aut animi numquam et.', '2016-01-16 14:18:15', '1995-04-02 03:24:01');
INSERT INTO `media` (`id`, `media_type_id`, `user_id`, `filename`, `size`, `metadata`, `created_at`, `updated_at`) VALUES (18, 3, 78, 'application/x-msaccess', 5004, 'Quam eum fuga in labore et aliquam. Accusamus cupiditate incidunt voluptates alias qui. Modi enim id enim iste sint. Repellat consequatur quam sequi sed non nesciunt iste.', '1986-07-18 23:28:11', '2012-01-13 17:35:36');
INSERT INTO `media` (`id`, `media_type_id`, `user_id`, `filename`, `size`, `metadata`, `created_at`, `updated_at`) VALUES (19, 1, 38, 'application/x-shar', 161578, 'Aut in aut porro dolores illum nesciunt nemo. Hic incidunt excepturi tempore quis rerum eius ut. Ipsum sit et quidem dolores. Tempora ut voluptatem nihil est quibusdam praesentium aliquid.', '1974-01-28 10:13:56', '2018-03-31 15:57:24');
INSERT INTO `media` (`id`, `media_type_id`, `user_id`, `filename`, `size`, `metadata`, `created_at`, `updated_at`) VALUES (20, 3, 27, 'application/mp4', 18489645, 'Rerum deserunt voluptatem non eum. Quaerat temporibus est repellendus. Qui et quidem voluptate nam impedit sapiente accusamus. Nostrum enim id quia et maiores.', '2005-01-04 14:39:36', '1976-01-26 10:49:46');
INSERT INTO `media` (`id`, `media_type_id`, `user_id`, `filename`, `size`, `metadata`, `created_at`, `updated_at`) VALUES (21, 2, 33, 'audio/mp4', 22454912, 'Veritatis omnis est totam vel est. Reiciendis laudantium placeat animi. Suscipit cumque voluptas voluptatem nihil. Aut vel soluta facilis rerum.', '1970-07-16 17:38:21', '1978-08-21 09:04:45');
INSERT INTO `media` (`id`, `media_type_id`, `user_id`, `filename`, `size`, `metadata`, `created_at`, `updated_at`) VALUES (22, 2, 76, 'application/xspf+xml', 485412, 'Quod inventore provident quia ullam non velit dolorum omnis. Debitis et harum atque ad nobis culpa. Eos ducimus quos voluptatibus illo sint earum ipsam.', '2009-06-23 13:46:32', '1993-08-26 16:51:13');
INSERT INTO `media` (`id`, `media_type_id`, `user_id`, `filename`, `size`, `metadata`, `created_at`, `updated_at`) VALUES (23, 8, 29, 'application/xml-dtd', 620, 'Eos ea et facere possimus laborum. Omnis quia est occaecati vitae rerum in sit. Ut voluptatem quasi magnam dolores exercitationem aliquam magnam.', '2000-02-16 22:33:25', '2018-04-16 05:27:51');
INSERT INTO `media` (`id`, `media_type_id`, `user_id`, `filename`, `size`, `metadata`, `created_at`, `updated_at`) VALUES (24, 7, 26, 'application/zip', 26, 'Ipsa nobis aut adipisci nisi omnis enim. Et nam quam aperiam est possimus velit. Praesentium excepturi laudantium debitis aspernatur ex debitis enim.', '2015-11-02 05:06:09', '2012-07-30 09:38:08');
INSERT INTO `media` (`id`, `media_type_id`, `user_id`, `filename`, `size`, `metadata`, `created_at`, `updated_at`) VALUES (25, 3, 90, 'video/3gpp2', 46256808, 'Voluptas illo animi perferendis non. Rerum unde cum sapiente vel illo. Qui reiciendis porro itaque sed ut.', '1984-02-20 07:58:37', '1979-06-07 03:12:34');
INSERT INTO `media` (`id`, `media_type_id`, `user_id`, `filename`, `size`, `metadata`, `created_at`, `updated_at`) VALUES (26, 8, 30, 'video/x-m4v', 8977, 'Similique cum rem quasi aliquid soluta qui rerum. Dolorem ducimus voluptatem corrupti sint. Dolor sit sit itaque suscipit recusandae.', '1982-12-21 21:35:31', '1987-06-25 08:38:34');
INSERT INTO `media` (`id`, `media_type_id`, `user_id`, `filename`, `size`, `metadata`, `created_at`, `updated_at`) VALUES (27, 3, 99, 'application/vnd.ibm.minipay', 0, 'Natus culpa architecto sapiente doloribus. Nulla quo accusantium aperiam non. Non tempora rerum modi exercitationem impedit fugit.', '2018-06-14 14:15:51', '2015-05-12 00:33:10');
INSERT INTO `media` (`id`, `media_type_id`, `user_id`, `filename`, `size`, `metadata`, `created_at`, `updated_at`) VALUES (28, 8, 3, 'application/json', 9, 'Fugit repudiandae quasi dolorem necessitatibus perspiciatis et sint. Maxime quisquam voluptas quia veritatis quis nesciunt.', '1990-05-07 02:24:23', '2009-10-06 18:13:08');
INSERT INTO `media` (`id`, `media_type_id`, `user_id`, `filename`, `size`, `metadata`, `created_at`, `updated_at`) VALUES (29, 2, 80, 'application/vnd.dece.zip', 881603377, 'Vitae sunt officiis et omnis saepe. Ratione aut amet officia impedit. Animi animi minus ut hic impedit et sint.', '2003-02-14 08:57:56', '2003-12-09 17:03:47');
INSERT INTO `media` (`id`, `media_type_id`, `user_id`, `filename`, `size`, `metadata`, `created_at`, `updated_at`) VALUES (30, 4, 9, 'application/x-tcl', 3099993, 'Dolorem quidem odio ducimus unde sunt fugit. Aperiam quam voluptas earum. A minus sint quo. Est qui quae itaque voluptas est quibusdam aut tenetur.', '2000-10-02 18:53:58', '1978-03-24 06:15:04');
INSERT INTO `media` (`id`, `media_type_id`, `user_id`, `filename`, `size`, `metadata`, `created_at`, `updated_at`) VALUES (31, 9, 33, 'application/vnd.adobe.air-application-installer-package+zip', 6, 'Dicta in est laudantium non distinctio deleniti iusto. Et quod id consectetur molestiae repudiandae.', '1991-12-08 01:17:12', '1985-06-29 12:25:35');
INSERT INTO `media` (`id`, `media_type_id`, `user_id`, `filename`, `size`, `metadata`, `created_at`, `updated_at`) VALUES (32, 10, 15, 'application/x-shockwave-flash', 0, 'Sunt eum ad saepe sit quia. Eum culpa quis autem ad et. Possimus quos placeat omnis adipisci facilis. Ipsam modi voluptas ipsa voluptatum esse.', '1994-02-12 00:18:45', '1994-09-25 12:28:24');
INSERT INTO `media` (`id`, `media_type_id`, `user_id`, `filename`, `size`, `metadata`, `created_at`, `updated_at`) VALUES (33, 8, 68, 'image/gif', 354343, 'Dolorem quas mollitia aliquam molestiae ea. Non a eligendi alias debitis atque et soluta. Laudantium eos amet possimus temporibus ipsam. Laborum qui ut iure.', '1970-08-29 10:08:44', '1972-06-23 03:21:42');
INSERT INTO `media` (`id`, `media_type_id`, `user_id`, `filename`, `size`, `metadata`, `created_at`, `updated_at`) VALUES (34, 6, 14, 'application/xcap-diff+xml', 7037, 'Veritatis sunt officiis qui impedit quasi incidunt minus amet. Temporibus fuga repellendus qui illum. Fuga sunt sint deleniti eum ipsa.', '1971-06-06 02:35:34', '2011-12-19 07:28:16');
INSERT INTO `media` (`id`, `media_type_id`, `user_id`, `filename`, `size`, `metadata`, `created_at`, `updated_at`) VALUES (35, 2, 58, 'application/vnd.lotus-screencam', 67, 'Aut sapiente repudiandae sit. Tenetur et reprehenderit odio. Ut hic odit voluptatibus sequi aut. Porro non eos temporibus sunt. Ea deleniti aut ducimus omnis eum fugit.', '1973-01-31 14:18:46', '2005-06-15 21:54:05');
INSERT INTO `media` (`id`, `media_type_id`, `user_id`, `filename`, `size`, `metadata`, `created_at`, `updated_at`) VALUES (36, 4, 44, 'audio/vnd.dece.audio', 187167, 'Impedit velit quo sit quia vero cum molestiae et. Voluptates a consequatur aut. Totam aliquam autem ipsam autem repudiandae. Libero consequatur autem molestias inventore cumque.', '1979-05-06 15:17:09', '1970-09-05 18:40:26');
INSERT INTO `media` (`id`, `media_type_id`, `user_id`, `filename`, `size`, `metadata`, `created_at`, `updated_at`) VALUES (37, 9, 51, 'text/vnd.in3d.spot', 5, 'Fuga dolorum veniam laboriosam vel enim. Provident repellat doloribus fugiat. Delectus harum dignissimos et architecto. Ducimus quia dolores quia. Deleniti qui eveniet aliquam eius odit voluptatem.', '1999-03-23 15:07:37', '1999-03-10 12:43:12');
INSERT INTO `media` (`id`, `media_type_id`, `user_id`, `filename`, `size`, `metadata`, `created_at`, `updated_at`) VALUES (38, 6, 56, 'application/vnd.wap.wmlc', 7, 'Quae maiores dolore voluptatem harum debitis quis magnam. Beatae veniam consectetur qui quidem sint est et.', '2016-08-28 19:26:23', '2006-02-24 11:49:39');
INSERT INTO `media` (`id`, `media_type_id`, `user_id`, `filename`, `size`, `metadata`, `created_at`, `updated_at`) VALUES (39, 10, 97, 'application/json', 1818168, 'Omnis fuga ut repellat reiciendis consequatur et. Est earum qui ea consequuntur ut. Sit aut qui veniam voluptas reiciendis laborum libero provident.', '2016-10-07 11:52:16', '1990-12-06 00:12:44');
INSERT INTO `media` (`id`, `media_type_id`, `user_id`, `filename`, `size`, `metadata`, `created_at`, `updated_at`) VALUES (40, 8, 93, 'audio/x-ms-wma', 5, 'Vel consectetur possimus dolores consequatur quae officiis laborum quibusdam. Facilis ut corporis et praesentium reiciendis. Voluptas molestias voluptas in.', '1971-03-10 21:44:36', '1995-03-03 18:01:55');
INSERT INTO `media` (`id`, `media_type_id`, `user_id`, `filename`, `size`, `metadata`, `created_at`, `updated_at`) VALUES (41, 9, 52, 'application/xenc+xml', 75399302, 'Id sint labore autem quo consequatur pariatur sed harum. Dicta ea ut vel eaque et qui eveniet nihil. Et quo sint reprehenderit quas ut.', '2014-11-11 21:30:36', '1977-11-14 22:43:25');
INSERT INTO `media` (`id`, `media_type_id`, `user_id`, `filename`, `size`, `metadata`, `created_at`, `updated_at`) VALUES (42, 1, 93, 'text/vcard', 293, 'Aut neque quia sapiente dicta perspiciatis dicta et. Ea amet et accusamus quaerat eum. Rerum eos odio voluptatum mollitia. Quaerat eum sequi et repudiandae corporis et.', '1988-07-18 20:14:51', '2010-03-04 04:02:53');
INSERT INTO `media` (`id`, `media_type_id`, `user_id`, `filename`, `size`, `metadata`, `created_at`, `updated_at`) VALUES (43, 2, 85, 'application/vnd.sun.xml.writer.global', 5, 'Qui corporis hic cum assumenda aspernatur. Qui facere rerum commodi aut. Voluptates est dicta placeat.', '1996-08-19 04:21:14', '2017-05-29 12:34:14');
INSERT INTO `media` (`id`, `media_type_id`, `user_id`, `filename`, `size`, `metadata`, `created_at`, `updated_at`) VALUES (44, 3, 43, 'audio/x-caf', 455556, 'Doloribus explicabo tempore numquam illo adipisci quis. Delectus distinctio unde iste necessitatibus itaque necessitatibus repellat esse.', '2012-07-15 09:42:50', '2012-08-09 21:59:45');
INSERT INTO `media` (`id`, `media_type_id`, `user_id`, `filename`, `size`, `metadata`, `created_at`, `updated_at`) VALUES (45, 6, 95, 'application/x-msdownload', 846997614, 'Rerum voluptate occaecati consequuntur qui officia. Expedita aliquid sed voluptatibus similique. Autem sapiente commodi dignissimos nobis ullam. Necessitatibus aut voluptas ea ipsam quasi tempore.', '1985-10-15 19:53:49', '1996-06-13 19:57:23');
INSERT INTO `media` (`id`, `media_type_id`, `user_id`, `filename`, `size`, `metadata`, `created_at`, `updated_at`) VALUES (46, 10, 54, 'audio/ogg', 0, 'Quibusdam laudantium ea aut illum omnis dolores pariatur. Omnis optio et perferendis qui rem fugiat qui. Et ut magnam tempore numquam minus.', '2017-03-28 11:35:15', '1995-02-03 18:02:07');
INSERT INTO `media` (`id`, `media_type_id`, `user_id`, `filename`, `size`, `metadata`, `created_at`, `updated_at`) VALUES (47, 1, 17, 'text/vnd.curl.mcurl', 0, 'Odit omnis sint qui architecto pariatur aut ducimus. Sed error dolor facere eligendi dolores. Qui ratione iusto quas nihil quibusdam sit reprehenderit.', '2000-09-09 15:07:19', '1975-09-23 23:35:34');
INSERT INTO `media` (`id`, `media_type_id`, `user_id`, `filename`, `size`, `metadata`, `created_at`, `updated_at`) VALUES (48, 8, 54, 'application/x-ms-shortcut', 482291, 'Molestiae odio corporis rem impedit. Sequi quia voluptates ut deserunt totam provident sit. Architecto corrupti nihil deleniti voluptates id hic.', '1987-03-14 21:24:10', '1999-07-05 05:07:51');
INSERT INTO `media` (`id`, `media_type_id`, `user_id`, `filename`, `size`, `metadata`, `created_at`, `updated_at`) VALUES (49, 1, 4, 'application/vnd.oasis.opendocument.database', 3390, 'Sed assumenda ut et dolor vero aut sit maxime. Aut nisi nobis sint eum. Qui fugiat dolor magnam illum esse velit rem.', '1989-01-24 14:45:04', '1997-12-01 07:55:09');
INSERT INTO `media` (`id`, `media_type_id`, `user_id`, `filename`, `size`, `metadata`, `created_at`, `updated_at`) VALUES (50, 7, 19, 'application/vnd.tcpdump.pcap', 58674813, 'Laudantium debitis eveniet et et. Laboriosam aut aperiam dicta excepturi. Labore minima quae iste rerum est odio.', '2008-02-23 21:43:18', '1999-03-29 20:37:25');
INSERT INTO `media` (`id`, `media_type_id`, `user_id`, `filename`, `size`, `metadata`, `created_at`, `updated_at`) VALUES (51, 2, 1, 'application/vnd.dart', 3222820, 'Sunt provident sit sequi nisi sint voluptatem. Officia quia possimus doloremque dolorem autem et voluptatibus. Aut sit impedit quia sunt. Perferendis veniam quasi delectus et et dolor.', '1991-11-13 13:53:50', '2018-07-21 17:15:20');
INSERT INTO `media` (`id`, `media_type_id`, `user_id`, `filename`, `size`, `metadata`, `created_at`, `updated_at`) VALUES (52, 5, 71, 'text/x-asm', 3647288, 'Est molestiae harum ut vel rem aperiam asperiores. Ut omnis vel quos nihil rerum nobis. Quia et delectus nobis et vero occaecati. Voluptas aperiam mollitia et recusandae cupiditate et voluptas.', '1987-07-27 19:13:25', '1982-03-21 03:48:04');
INSERT INTO `media` (`id`, `media_type_id`, `user_id`, `filename`, `size`, `metadata`, `created_at`, `updated_at`) VALUES (53, 9, 43, 'application/vnd.route66.link66+xml', 82, 'Officiis itaque laboriosam laudantium possimus sed consequatur voluptatem. Aspernatur est necessitatibus soluta sunt quaerat et qui. Repellat atque inventore pariatur doloremque porro.', '2006-09-24 09:36:29', '2004-10-05 13:37:46');
INSERT INTO `media` (`id`, `media_type_id`, `user_id`, `filename`, `size`, `metadata`, `created_at`, `updated_at`) VALUES (54, 3, 6, 'application/vnd.openxmlformats-officedocument.wordprocessingml.document', 724395961, 'Eaque asperiores tenetur dolore ut aliquid id aut. Libero fuga quia vero sequi. Eos exercitationem quibusdam occaecati harum. Ut totam vitae voluptatem dolorem.', '2015-10-16 11:05:57', '2002-08-18 06:13:33');
INSERT INTO `media` (`id`, `media_type_id`, `user_id`, `filename`, `size`, `metadata`, `created_at`, `updated_at`) VALUES (55, 2, 21, 'video/x-ms-wmx', 284978197, 'Sapiente aliquid alias ullam omnis minus. Cum autem optio incidunt itaque doloribus neque. Incidunt impedit voluptas commodi est quo perspiciatis sunt. Aut magnam illum exercitationem aspernatur.', '1983-01-17 13:17:49', '1990-04-19 13:47:52');
INSERT INTO `media` (`id`, `media_type_id`, `user_id`, `filename`, `size`, `metadata`, `created_at`, `updated_at`) VALUES (56, 4, 13, 'audio/x-mpegurl', 51311200, 'Provident ut ut repellendus dolorem quo assumenda deserunt. Pariatur fugiat iste dolorem necessitatibus labore maxime. Sed quibusdam corrupti quia aut dolorum.', '1978-08-04 11:04:40', '1974-12-24 17:55:02');
INSERT INTO `media` (`id`, `media_type_id`, `user_id`, `filename`, `size`, `metadata`, `created_at`, `updated_at`) VALUES (57, 5, 21, 'application/vnd.oma.dd2+xml', 599, 'Autem quia numquam aut inventore. Voluptas omnis veritatis eligendi est minus. Ea eius officiis repudiandae.', '1976-11-15 05:07:50', '2016-07-09 10:17:40');
INSERT INTO `media` (`id`, `media_type_id`, `user_id`, `filename`, `size`, `metadata`, `created_at`, `updated_at`) VALUES (58, 9, 62, 'application/vnd.ibm.secure-container', 8, 'Ad amet omnis qui omnis commodi vel delectus. At sapiente ab inventore nisi est. Error reprehenderit quia ab. Necessitatibus deleniti qui qui.', '1988-07-22 12:08:26', '2009-04-09 09:33:15');
INSERT INTO `media` (`id`, `media_type_id`, `user_id`, `filename`, `size`, `metadata`, `created_at`, `updated_at`) VALUES (59, 8, 94, 'application/xcap-diff+xml', 90, 'Accusamus voluptas ut velit aliquid eaque exercitationem ut iste. Officiis error est sint inventore sapiente.', '1971-12-19 17:48:27', '2001-01-23 01:35:49');
INSERT INTO `media` (`id`, `media_type_id`, `user_id`, `filename`, `size`, `metadata`, `created_at`, `updated_at`) VALUES (60, 3, 88, 'application/vnd.dvb.service', 9, 'Dolore est quidem magni sed harum. Rerum quo dolorem optio pariatur. Non magnam quam iste quibusdam dolores est. Recusandae animi aut aut suscipit.', '1994-09-13 02:08:58', '1998-09-14 04:37:47');
INSERT INTO `media` (`id`, `media_type_id`, `user_id`, `filename`, `size`, `metadata`, `created_at`, `updated_at`) VALUES (61, 4, 91, 'text/csv', 90775, 'Eum ratione hic explicabo harum vitae dolores in aliquid. Aut rem iusto repellat eligendi aut aliquid excepturi. Ipsam mollitia ea alias aspernatur eos ipsa.', '1990-07-13 20:30:33', '1989-12-02 11:29:06');
INSERT INTO `media` (`id`, `media_type_id`, `user_id`, `filename`, `size`, `metadata`, `created_at`, `updated_at`) VALUES (62, 2, 14, 'application/vnd.lotus-approach', 7, 'Velit ut ad ut ad laboriosam ducimus. Neque enim quia et sed saepe consectetur. Nostrum illo quia sit omnis. Nam optio veniam molestiae est laborum.', '2011-10-24 06:15:05', '2014-01-20 07:58:02');
INSERT INTO `media` (`id`, `media_type_id`, `user_id`, `filename`, `size`, `metadata`, `created_at`, `updated_at`) VALUES (63, 9, 58, 'application/vnd.dvb.service', 90, 'Aut eum natus perferendis quo quis. Nobis recusandae asperiores est quo alias et neque. Tempore reprehenderit in eos cupiditate.', '1983-08-20 13:39:36', '2008-05-04 00:07:01');
INSERT INTO `media` (`id`, `media_type_id`, `user_id`, `filename`, `size`, `metadata`, `created_at`, `updated_at`) VALUES (64, 7, 55, 'image/vnd.dwg', 92456, 'Velit tempore repellat ut omnis ab illum non. Et quibusdam nemo nam rerum iusto totam. Quo optio repudiandae esse nesciunt dolores consectetur exercitationem vitae.', '1998-06-20 08:53:11', '1980-12-31 09:47:07');
INSERT INTO `media` (`id`, `media_type_id`, `user_id`, `filename`, `size`, `metadata`, `created_at`, `updated_at`) VALUES (65, 5, 30, 'application/mp4', 21, 'Pariatur dolores pariatur ut voluptatem id sunt quo. Sit nihil asperiores perferendis.', '1996-01-16 15:52:26', '1979-10-13 10:45:35');
INSERT INTO `media` (`id`, `media_type_id`, `user_id`, `filename`, `size`, `metadata`, `created_at`, `updated_at`) VALUES (66, 9, 12, 'model/x3d+xml', 847706, 'Rem et temporibus ipsa ex numquam. Atque aut vel eum natus blanditiis. Et nisi earum maiores excepturi maiores rerum veniam impedit. Omnis aliquam quis consectetur veniam modi.', '1985-03-18 13:30:23', '1995-09-05 00:27:10');
INSERT INTO `media` (`id`, `media_type_id`, `user_id`, `filename`, `size`, `metadata`, `created_at`, `updated_at`) VALUES (67, 4, 63, 'application/x-tads', 41, 'Delectus provident itaque ab quam eveniet dolorem dolore. Est et eligendi natus ut optio. Aut eos autem quod iusto consequatur.', '1988-03-30 17:52:28', '1986-07-06 16:24:04');
INSERT INTO `media` (`id`, `media_type_id`, `user_id`, `filename`, `size`, `metadata`, `created_at`, `updated_at`) VALUES (68, 9, 38, 'application/mathml+xml', 7408352, 'Voluptatem fugiat provident quo laboriosam doloremque. Laudantium autem non asperiores perspiciatis qui. Soluta dolor maiores vero harum nemo earum.', '1992-03-23 13:02:21', '2000-04-09 13:56:44');
INSERT INTO `media` (`id`, `media_type_id`, `user_id`, `filename`, `size`, `metadata`, `created_at`, `updated_at`) VALUES (69, 7, 97, 'application/x-sv4crc', 123, 'Perferendis eum neque aspernatur aperiam. Totam saepe in quas culpa ratione voluptatem facere a. Natus rem incidunt veritatis nihil recusandae ab magnam tempore.', '2012-03-16 22:59:01', '2005-07-11 22:33:15');
INSERT INTO `media` (`id`, `media_type_id`, `user_id`, `filename`, `size`, `metadata`, `created_at`, `updated_at`) VALUES (70, 3, 29, 'application/vnd.ms-pki.seccat', 812, 'Est est explicabo quis perspiciatis rerum omnis fugit. Tenetur eos officia ea nam nisi rerum quis. Quia odio non temporibus suscipit possimus rerum.', '1998-07-19 03:22:28', '1976-04-21 10:04:01');
INSERT INTO `media` (`id`, `media_type_id`, `user_id`, `filename`, `size`, `metadata`, `created_at`, `updated_at`) VALUES (71, 3, 60, 'application/mods+xml', 6041682, 'Non molestias neque pariatur quis exercitationem molestiae ut autem. Ullam quia exercitationem dolores similique hic eum. Dignissimos harum facere vero in autem incidunt nobis.', '1974-08-04 06:20:46', '2009-11-24 10:44:11');
INSERT INTO `media` (`id`, `media_type_id`, `user_id`, `filename`, `size`, `metadata`, `created_at`, `updated_at`) VALUES (72, 6, 56, 'application/x-stuffitx', 2, 'Pariatur accusamus tempora aut. Est sint accusamus quam consectetur nobis et quidem doloribus. Cumque est quas natus fugit et debitis.', '1979-03-22 23:13:18', '1974-12-19 23:17:05');
INSERT INTO `media` (`id`, `media_type_id`, `user_id`, `filename`, `size`, `metadata`, `created_at`, `updated_at`) VALUES (73, 10, 48, 'image/x-portable-bitmap', 6885, 'Necessitatibus autem autem dolorem est ipsa rem. Assumenda consequuntur officiis voluptatem eius. Tenetur possimus voluptatem quia qui qui.', '2018-06-18 07:12:40', '1993-10-13 22:53:50');
INSERT INTO `media` (`id`, `media_type_id`, `user_id`, `filename`, `size`, `metadata`, `created_at`, `updated_at`) VALUES (74, 3, 26, 'application/vnd.recordare.musicxml+xml', 73809, 'Temporibus placeat provident labore porro adipisci. Eveniet dolor sed id pariatur rerum. Aut enim tempore amet odio. Enim numquam quo dignissimos iure sed sint.', '1970-06-16 08:22:48', '1990-04-23 11:25:56');
INSERT INTO `media` (`id`, `media_type_id`, `user_id`, `filename`, `size`, `metadata`, `created_at`, `updated_at`) VALUES (75, 3, 53, 'video/x-matroska', 0, 'Sit velit odio placeat. Esse aut ducimus sunt voluptas et. Omnis consequuntur doloremque ipsa mollitia eligendi ut. Id asperiores ipsa expedita voluptas impedit debitis dolorem in.', '1974-05-24 02:14:04', '1986-02-17 21:49:45');
INSERT INTO `media` (`id`, `media_type_id`, `user_id`, `filename`, `size`, `metadata`, `created_at`, `updated_at`) VALUES (76, 7, 58, 'video/mp4', 9971, 'Consequatur est quisquam hic omnis vel. Ab mollitia praesentium deleniti nulla eveniet eius officiis. Error modi saepe qui est unde.', '1984-03-09 02:10:52', '2018-11-02 14:29:58');
INSERT INTO `media` (`id`, `media_type_id`, `user_id`, `filename`, `size`, `metadata`, `created_at`, `updated_at`) VALUES (77, 8, 99, 'text/calendar', 21, 'Iste iure enim iusto omnis ea. Doloremque velit est hic architecto mollitia non. Quae qui dolores enim veritatis perferendis optio et.', '1989-07-05 14:29:30', '2005-08-17 11:22:19');
INSERT INTO `media` (`id`, `media_type_id`, `user_id`, `filename`, `size`, `metadata`, `created_at`, `updated_at`) VALUES (78, 1, 94, 'image/x-portable-pixmap', 282, 'Cumque quod consequuntur est. Et nemo voluptatem at qui sit ipsum aspernatur in. Dignissimos sunt ut sunt doloribus aperiam. Quis praesentium voluptatibus maiores enim.', '1976-05-04 16:30:50', '2011-01-15 23:50:33');
INSERT INTO `media` (`id`, `media_type_id`, `user_id`, `filename`, `size`, `metadata`, `created_at`, `updated_at`) VALUES (79, 10, 65, 'application/postscript', 598506903, 'Beatae illum et ea reprehenderit expedita. Aut saepe similique magni quia non. Itaque non saepe ut fuga dolor commodi at.', '2006-09-01 12:58:12', '1993-11-16 19:18:27');
INSERT INTO `media` (`id`, `media_type_id`, `user_id`, `filename`, `size`, `metadata`, `created_at`, `updated_at`) VALUES (80, 5, 87, 'application/x-xz', 0, 'Eveniet qui nisi qui. Et totam necessitatibus animi quaerat adipisci repellat. Ratione aliquam facilis eius veniam nulla laboriosam explicabo.', '1990-07-02 06:45:04', '1978-10-06 09:08:41');
INSERT INTO `media` (`id`, `media_type_id`, `user_id`, `filename`, `size`, `metadata`, `created_at`, `updated_at`) VALUES (81, 2, 84, 'application/vnd.adobe.air-application-installer-package+zip', 59080422, 'Debitis quos sit omnis in maiores minima. Illo et et aliquid unde iste et. Voluptatem nostrum iusto earum numquam asperiores voluptatem.', '1996-10-28 17:21:49', '1999-06-29 00:34:25');
INSERT INTO `media` (`id`, `media_type_id`, `user_id`, `filename`, `size`, `metadata`, `created_at`, `updated_at`) VALUES (82, 6, 5, 'application/xhtml+xml', 472746, 'Nobis sed rerum impedit quas eius. Et est non voluptas. Laborum occaecati non culpa explicabo eaque neque. Sed aut molestiae sit aliquid in et.', '1997-05-13 05:33:30', '1981-03-25 02:29:25');
INSERT INTO `media` (`id`, `media_type_id`, `user_id`, `filename`, `size`, `metadata`, `created_at`, `updated_at`) VALUES (83, 5, 34, 'image/ief', 859, 'Fugit quas tenetur delectus. Velit magni soluta qui iure facilis repellendus. Nihil velit sint quo alias voluptatibus quam.', '1994-05-21 12:14:38', '2002-09-15 08:55:09');
INSERT INTO `media` (`id`, `media_type_id`, `user_id`, `filename`, `size`, `metadata`, `created_at`, `updated_at`) VALUES (84, 6, 40, 'image/x-cmu-raster', 0, 'Aut modi tempora tenetur saepe architecto cupiditate. Sint blanditiis repellendus repellendus maxime. Quia deleniti ipsam omnis iusto et enim laudantium.', '1997-08-24 12:38:25', '2008-04-11 13:12:55');
INSERT INTO `media` (`id`, `media_type_id`, `user_id`, `filename`, `size`, `metadata`, `created_at`, `updated_at`) VALUES (85, 7, 26, 'text/tab-separated-values', 5810484, 'Magnam dolore ut facilis fugit unde ea quis. Excepturi sunt dicta quia. Doloremque officia vitae laudantium unde. Natus accusamus recusandae est libero omnis et nihil eaque.', '1999-01-29 01:32:01', '1985-06-05 04:16:53');
INSERT INTO `media` (`id`, `media_type_id`, `user_id`, `filename`, `size`, `metadata`, `created_at`, `updated_at`) VALUES (86, 4, 9, 'image/x-xbitmap', 4940285, 'Quos et id laboriosam nemo. Nostrum ut omnis et possimus. Molestiae unde iste omnis ullam voluptas totam eveniet.', '1991-08-25 00:55:32', '2001-02-14 10:33:02');
INSERT INTO `media` (`id`, `media_type_id`, `user_id`, `filename`, `size`, `metadata`, `created_at`, `updated_at`) VALUES (87, 5, 38, 'application/pkix-pkipath', 4606337, 'A eligendi quia sit magnam qui nihil dolores. Placeat ut ducimus velit animi qui omnis. Animi laudantium sunt quam occaecati aperiam ut. Culpa sequi itaque perspiciatis corrupti ut temporibus.', '2013-07-09 13:50:25', '1982-12-22 15:07:54');
INSERT INTO `media` (`id`, `media_type_id`, `user_id`, `filename`, `size`, `metadata`, `created_at`, `updated_at`) VALUES (88, 6, 31, 'image/vnd.djvu', 49658, 'Quia impedit quis ut dolore est sit quo. Qui dolorem laborum qui ad dicta. Est ad temporibus vitae quas quos quod.', '1986-10-31 09:50:53', '1989-06-08 09:28:06');
INSERT INTO `media` (`id`, `media_type_id`, `user_id`, `filename`, `size`, `metadata`, `created_at`, `updated_at`) VALUES (89, 5, 16, 'application/mods+xml', 44149, 'Consequuntur tenetur laboriosam accusantium sit. Perferendis enim facilis natus eum dolorem. Quidem eos nemo libero cum cum. Velit quo dignissimos ut id aut error.', '1978-05-16 18:13:58', '1978-02-16 05:41:18');
INSERT INTO `media` (`id`, `media_type_id`, `user_id`, `filename`, `size`, `metadata`, `created_at`, `updated_at`) VALUES (90, 10, 31, 'application/pgp-encrypted', 1375, 'Ratione sit voluptas mollitia voluptas numquam rem nobis. Quia commodi aliquam tempora doloremque aperiam quis omnis. Dolores provident aliquid dolorum corporis at illo nostrum.', '2003-03-09 12:22:33', '1991-10-25 12:09:27');
INSERT INTO `media` (`id`, `media_type_id`, `user_id`, `filename`, `size`, `metadata`, `created_at`, `updated_at`) VALUES (91, 9, 65, 'application/vnd.musician', 431171, 'Maiores sint possimus perspiciatis et sapiente. Necessitatibus iste nisi quisquam ea quia nulla. Tempora id voluptatum id culpa ducimus rerum placeat.', '1996-02-05 04:36:32', '2014-04-15 01:48:49');
INSERT INTO `media` (`id`, `media_type_id`, `user_id`, `filename`, `size`, `metadata`, `created_at`, `updated_at`) VALUES (92, 8, 81, 'text/x-opml', 5, 'Sed iste sint ex qui eos labore. Iste temporibus quis non consectetur. A adipisci et pariatur libero perspiciatis natus. Velit consequatur repellendus et molestiae hic quo.', '1980-08-01 15:54:57', '1981-11-13 12:03:56');
INSERT INTO `media` (`id`, `media_type_id`, `user_id`, `filename`, `size`, `metadata`, `created_at`, `updated_at`) VALUES (93, 3, 28, 'application/epub+zip', 0, 'Voluptate voluptatem porro illo consequuntur. Velit iure qui quisquam est dolore aut accusantium. Suscipit aut rerum et praesentium. Eveniet fugiat eos dolore ut sit impedit.', '1979-10-29 01:48:07', '1987-05-10 10:52:47');
INSERT INTO `media` (`id`, `media_type_id`, `user_id`, `filename`, `size`, `metadata`, `created_at`, `updated_at`) VALUES (94, 3, 43, 'application/x-tex-tfm', 8950554, 'Adipisci alias voluptatem consequatur nisi. Ab consequatur corporis tenetur et sit ut. Quas voluptatem sed similique a quia exercitationem corporis. Qui laudantium perferendis et aut nesciunt.', '2018-08-13 02:54:34', '1993-12-20 17:23:05');
INSERT INTO `media` (`id`, `media_type_id`, `user_id`, `filename`, `size`, `metadata`, `created_at`, `updated_at`) VALUES (95, 4, 25, 'text/troff', 791, 'Omnis corrupti perferendis ut et ab est in aliquid. Dolorem a amet consequatur sed. Rem unde autem et veniam debitis cumque quibusdam.', '1987-07-04 09:39:51', '1985-11-18 07:55:32');
INSERT INTO `media` (`id`, `media_type_id`, `user_id`, `filename`, `size`, `metadata`, `created_at`, `updated_at`) VALUES (96, 9, 40, 'application/pgp-signature', 501497685, 'Dolor rem exercitationem qui quidem ut aut. Porro similique voluptatem impedit omnis est possimus unde. Et excepturi suscipit autem. Aliquam iste suscipit adipisci laboriosam sed dolores quo qui.', '1999-07-27 03:30:43', '1992-03-05 00:08:11');
INSERT INTO `media` (`id`, `media_type_id`, `user_id`, `filename`, `size`, `metadata`, `created_at`, `updated_at`) VALUES (97, 6, 84, 'model/vnd.dwf', 248582, 'Doloremque eaque eum quis consequatur accusantium. Id saepe ut earum nemo provident eaque nisi. Doloremque est quos quis debitis commodi consequuntur.', '1999-05-14 12:01:16', '2018-02-13 08:40:48');
INSERT INTO `media` (`id`, `media_type_id`, `user_id`, `filename`, `size`, `metadata`, `created_at`, `updated_at`) VALUES (98, 6, 8, 'application/vnd.ms-powerpoint', 0, 'Deserunt voluptate qui minima id placeat et. Iste ut saepe accusamus praesentium ut. Quam accusamus incidunt incidunt beatae. Itaque unde consequatur ab natus.', '2000-08-25 04:19:09', '1983-05-17 14:30:45');
INSERT INTO `media` (`id`, `media_type_id`, `user_id`, `filename`, `size`, `metadata`, `created_at`, `updated_at`) VALUES (99, 10, 12, 'application/vnd.ms-htmlhelp', 39179739, 'Molestiae consectetur non id nesciunt. Animi nesciunt error a earum voluptatem. Ut est illum eligendi omnis vero. Possimus eveniet ut libero.', '2006-11-18 03:39:36', '1972-06-10 04:16:29');
INSERT INTO `media` (`id`, `media_type_id`, `user_id`, `filename`, `size`, `metadata`, `created_at`, `updated_at`) VALUES (100, 2, 92, 'audio/x-pn-realaudio-plugin', 49628, 'Eum eum eveniet consequuntur. Neque dolor fugiat et sit laboriosam. In possimus quas qui temporibus dolorem dignissimos tempore et.', '1992-06-11 13:35:52', '1999-11-09 14:47:24');


#
# TABLE STRUCTURE FOR: media_types
#

DROP TABLE IF EXISTS `media_types`;

CREATE TABLE `media_types` (
  `id` int(10) unsigned NOT NULL AUTO_INCREMENT,
  `name` varchar(255) COLLATE utf8_unicode_ci NOT NULL,
  PRIMARY KEY (`id`),
  UNIQUE KEY `name` (`name`)
) ENGINE=InnoDB AUTO_INCREMENT=11 DEFAULT CHARSET=utf8 COLLATE=utf8_unicode_ci;

INSERT INTO `media_types` (`id`, `name`) VALUES (5, 'ad');
INSERT INTO `media_types` (`id`, `name`) VALUES (2, 'aliquam');
INSERT INTO `media_types` (`id`, `name`) VALUES (6, 'consequuntur');
INSERT INTO `media_types` (`id`, `name`) VALUES (1, 'corporis');
INSERT INTO `media_types` (`id`, `name`) VALUES (10, 'cumque');
INSERT INTO `media_types` (`id`, `name`) VALUES (3, 'dolore');
INSERT INTO `media_types` (`id`, `name`) VALUES (8, 'eum');
INSERT INTO `media_types` (`id`, `name`) VALUES (9, 'maiores');
INSERT INTO `media_types` (`id`, `name`) VALUES (4, 'nesciunt');
INSERT INTO `media_types` (`id`, `name`) VALUES (7, 'vero');


#
# TABLE STRUCTURE FOR: messages
#

DROP TABLE IF EXISTS `messages`;

CREATE TABLE `messages` (
  `id` int(10) unsigned NOT NULL AUTO_INCREMENT,
  `from_user_id` int(10) unsigned NOT NULL,
  `to_user_id` int(10) unsigned NOT NULL,
  `body` text COLLATE utf8_unicode_ci NOT NULL,
  `is_important` tinyint(1) DEFAULT NULL,
  `is_delivered` tinyint(1) DEFAULT NULL,
  `created_at` datetime DEFAULT current_timestamp(),
  PRIMARY KEY (`id`)
) ENGINE=InnoDB AUTO_INCREMENT=101 DEFAULT CHARSET=utf8 COLLATE=utf8_unicode_ci;

INSERT INTO `messages` (`id`, `from_user_id`, `to_user_id`, `body`, `is_important`, `is_delivered`, `created_at`) VALUES (1, 78, 94, 'Corrupti quis dolores mollitia dolore modi recusandae eos. Rerum et quia sit repellat quo voluptatum doloremque. Quo enim quod assumenda qui modi quasi minus. Nisi voluptatum repellat doloremque vitae aut.', 1, 0, '1983-07-23 23:57:20');
INSERT INTO `messages` (`id`, `from_user_id`, `to_user_id`, `body`, `is_important`, `is_delivered`, `created_at`) VALUES (2, 70, 92, 'Aliquam pariatur possimus harum quis et id. Error qui aut et. Quo enim veritatis architecto modi sit illum. Quos quidem quisquam possimus.', 0, 0, '1988-12-04 18:06:58');
INSERT INTO `messages` (`id`, `from_user_id`, `to_user_id`, `body`, `is_important`, `is_delivered`, `created_at`) VALUES (3, 18, 44, 'Ipsum qui omnis perspiciatis excepturi incidunt. Voluptas aut vel eum aut iste ipsa cumque. Id iste aut rem aut modi et.', 1, 1, '1975-10-16 00:56:03');
INSERT INTO `messages` (`id`, `from_user_id`, `to_user_id`, `body`, `is_important`, `is_delivered`, `created_at`) VALUES (4, 19, 68, 'Et quibusdam omnis maiores nobis qui explicabo. Quod quia qui in et rerum. Dolore amet quos voluptatem.', 1, 1, '2004-03-19 14:32:54');
INSERT INTO `messages` (`id`, `from_user_id`, `to_user_id`, `body`, `is_important`, `is_delivered`, `created_at`) VALUES (5, 50, 92, 'Mollitia quidem aut eum enim. Molestias aliquam aut porro sunt vel. Ipsam quibusdam dolorum voluptatibus facere. Quae voluptas necessitatibus est eos aut.', 0, 1, '2001-01-18 17:27:55');
INSERT INTO `messages` (`id`, `from_user_id`, `to_user_id`, `body`, `is_important`, `is_delivered`, `created_at`) VALUES (6, 66, 27, 'Quibusdam consequatur in quia in quidem amet autem nostrum. Quis quidem rerum qui et cum. Aut pariatur ut et exercitationem non aut. Aut est ducimus tempore temporibus inventore itaque.', 0, 1, '1976-07-24 12:08:30');
INSERT INTO `messages` (`id`, `from_user_id`, `to_user_id`, `body`, `is_important`, `is_delivered`, `created_at`) VALUES (7, 6, 92, 'Earum earum iusto sequi possimus alias voluptates. Odit nisi tenetur et. Qui voluptate perferendis illo.', 1, 1, '2007-02-24 05:05:19');
INSERT INTO `messages` (`id`, `from_user_id`, `to_user_id`, `body`, `is_important`, `is_delivered`, `created_at`) VALUES (8, 23, 82, 'Esse unde et officia dolorum amet. Illum possimus inventore quia totam voluptatem quas occaecati quia. Dolor et nam eum velit suscipit mollitia occaecati.', 0, 1, '1978-02-18 03:42:32');
INSERT INTO `messages` (`id`, `from_user_id`, `to_user_id`, `body`, `is_important`, `is_delivered`, `created_at`) VALUES (9, 60, 6, 'Beatae velit atque ducimus sit. Officia voluptatem dicta illo minus molestias voluptas. Tempore sapiente sed sequi ut eveniet et aperiam.', 1, 1, '1984-05-16 20:54:50');
INSERT INTO `messages` (`id`, `from_user_id`, `to_user_id`, `body`, `is_important`, `is_delivered`, `created_at`) VALUES (10, 53, 43, 'Nihil ducimus est rerum consequatur totam aut. Eligendi sequi ab quidem omnis eos quae. Et temporibus quisquam dolores occaecati dignissimos neque. Accusamus aspernatur tenetur aut exercitationem minima sit.', 1, 0, '1994-05-06 10:53:23');
INSERT INTO `messages` (`id`, `from_user_id`, `to_user_id`, `body`, `is_important`, `is_delivered`, `created_at`) VALUES (11, 40, 96, 'Eligendi laudantium et perferendis ipsa necessitatibus. Voluptatibus numquam suscipit dolores dignissimos est.', 0, 0, '2004-04-13 19:05:33');
INSERT INTO `messages` (`id`, `from_user_id`, `to_user_id`, `body`, `is_important`, `is_delivered`, `created_at`) VALUES (12, 96, 18, 'Maxime voluptatem nulla nostrum itaque cum id explicabo ut. Dolores voluptas nostrum et omnis eos est. Minima voluptate eos non ullam aut.', 1, 1, '2004-11-19 03:23:56');
INSERT INTO `messages` (`id`, `from_user_id`, `to_user_id`, `body`, `is_important`, `is_delivered`, `created_at`) VALUES (13, 93, 44, 'Earum voluptatem rerum doloribus ut quod et. Sint et totam qui. Incidunt voluptate quo id voluptatibus fugiat sunt.', 0, 0, '2018-01-22 01:30:04');
INSERT INTO `messages` (`id`, `from_user_id`, `to_user_id`, `body`, `is_important`, `is_delivered`, `created_at`) VALUES (14, 3, 81, 'Accusantium quis est voluptas nam soluta quidem. Molestias cupiditate fugit accusamus est. Quia impedit molestiae voluptas eveniet similique. Dolorem ex qui culpa ducimus. Nulla ea quo corrupti.', 1, 0, '2003-05-18 10:52:45');
INSERT INTO `messages` (`id`, `from_user_id`, `to_user_id`, `body`, `is_important`, `is_delivered`, `created_at`) VALUES (15, 62, 29, 'Nemo totam fuga ut deserunt. Sunt quas accusamus esse ad voluptas necessitatibus nihil. Eligendi enim dignissimos soluta et.', 0, 1, '1976-08-18 19:40:11');
INSERT INTO `messages` (`id`, `from_user_id`, `to_user_id`, `body`, `is_important`, `is_delivered`, `created_at`) VALUES (16, 28, 42, 'Neque nihil nihil unde voluptatem. Illum atque ut non consequatur. Unde adipisci aut consequatur cupiditate corrupti sunt assumenda.', 0, 1, '2005-04-23 01:00:55');
INSERT INTO `messages` (`id`, `from_user_id`, `to_user_id`, `body`, `is_important`, `is_delivered`, `created_at`) VALUES (17, 56, 58, 'Expedita ut ut totam consequatur. Rem voluptatem ipsam omnis saepe ducimus distinctio accusantium velit. Aliquid est quos iste velit quis nam in. Qui natus nemo voluptatem quam voluptas pariatur.', 1, 1, '1981-03-21 23:31:57');
INSERT INTO `messages` (`id`, `from_user_id`, `to_user_id`, `body`, `is_important`, `is_delivered`, `created_at`) VALUES (18, 14, 11, 'Inventore expedita velit nobis fugiat. Illo natus qui et nihil molestiae qui distinctio. Facilis velit enim occaecati maxime sequi sed ex.', 1, 1, '1986-03-17 18:28:56');
INSERT INTO `messages` (`id`, `from_user_id`, `to_user_id`, `body`, `is_important`, `is_delivered`, `created_at`) VALUES (19, 23, 49, 'Sit natus quos id suscipit voluptatibus iure. Voluptatum hic quae laborum iste. Similique facilis quam dolores et quae.', 0, 1, '2009-09-20 13:44:41');
INSERT INTO `messages` (`id`, `from_user_id`, `to_user_id`, `body`, `is_important`, `is_delivered`, `created_at`) VALUES (20, 11, 31, 'Consectetur quisquam minima similique reiciendis. Velit et facere ullam voluptatem dolores qui. Eius vitae minus impedit adipisci id a inventore.', 1, 1, '1973-09-09 06:45:04');
INSERT INTO `messages` (`id`, `from_user_id`, `to_user_id`, `body`, `is_important`, `is_delivered`, `created_at`) VALUES (21, 67, 28, 'Aliquid aut aut quisquam accusamus omnis voluptatibus. Est assumenda dicta nostrum minima beatae velit tenetur expedita. Dolor nisi sunt rerum nemo laboriosam totam assumenda. Facere enim sit et harum.', 0, 0, '1974-06-03 01:17:38');
INSERT INTO `messages` (`id`, `from_user_id`, `to_user_id`, `body`, `is_important`, `is_delivered`, `created_at`) VALUES (22, 10, 82, 'Qui aut et eligendi eius sapiente maxime explicabo. Cupiditate est earum aperiam laudantium. Rerum neque et placeat et et. Alias voluptas iusto beatae optio qui temporibus adipisci.', 0, 0, '1997-05-27 11:56:07');
INSERT INTO `messages` (`id`, `from_user_id`, `to_user_id`, `body`, `is_important`, `is_delivered`, `created_at`) VALUES (23, 56, 39, 'Beatae vitae sit nostrum labore temporibus fugiat. Molestiae ea molestiae eum voluptatem consequatur ut. Repellat a quia sapiente aut quo.', 1, 0, '1973-05-10 05:23:37');
INSERT INTO `messages` (`id`, `from_user_id`, `to_user_id`, `body`, `is_important`, `is_delivered`, `created_at`) VALUES (24, 22, 80, 'Molestiae voluptatem id qui dignissimos quo aut saepe. Sed omnis illum dolorum et aut amet natus. Repellat adipisci consequatur sunt quam aperiam porro. Cupiditate dicta nulla et quas vitae.', 1, 1, '1999-05-20 08:51:22');
INSERT INTO `messages` (`id`, `from_user_id`, `to_user_id`, `body`, `is_important`, `is_delivered`, `created_at`) VALUES (25, 78, 34, 'Deserunt eius esse animi enim. Porro natus autem rerum. Autem neque qui assumenda excepturi.', 0, 1, '1997-07-12 10:19:32');
INSERT INTO `messages` (`id`, `from_user_id`, `to_user_id`, `body`, `is_important`, `is_delivered`, `created_at`) VALUES (26, 56, 19, 'Asperiores dolorem libero nostrum a suscipit excepturi. Rerum saepe incidunt nihil. Et qui est inventore rem enim et. Voluptatem vero reprehenderit doloremque.', 1, 0, '1987-11-06 06:15:59');
INSERT INTO `messages` (`id`, `from_user_id`, `to_user_id`, `body`, `is_important`, `is_delivered`, `created_at`) VALUES (27, 92, 85, 'Et facilis ratione expedita sit placeat dolorem iure. Aspernatur rerum eum qui incidunt iure consequatur quaerat. Illum est esse deleniti eveniet libero.', 0, 0, '1975-01-17 04:31:04');
INSERT INTO `messages` (`id`, `from_user_id`, `to_user_id`, `body`, `is_important`, `is_delivered`, `created_at`) VALUES (28, 59, 41, 'Eligendi qui suscipit earum sit unde. Animi et quia laudantium nemo reiciendis quos. Iste est atque quidem. Aut dignissimos vero delectus rerum tempore vitae. Fugit unde consequatur qui laboriosam sunt aut.', 1, 0, '2003-10-09 16:15:15');
INSERT INTO `messages` (`id`, `from_user_id`, `to_user_id`, `body`, `is_important`, `is_delivered`, `created_at`) VALUES (29, 99, 96, 'Voluptas est corrupti ipsam nam necessitatibus molestiae omnis ab. Sed dolore ut quisquam sunt cumque maiores alias. Enim necessitatibus porro deleniti animi adipisci voluptatem. Ut et voluptatem modi veniam ipsa voluptatum nostrum maiores.', 1, 0, '2002-02-02 10:59:20');
INSERT INTO `messages` (`id`, `from_user_id`, `to_user_id`, `body`, `is_important`, `is_delivered`, `created_at`) VALUES (30, 23, 5, 'Illum mollitia temporibus nam in blanditiis soluta nihil. Exercitationem temporibus alias commodi provident ipsa. Quidem veritatis et dolores harum cumque. Accusamus ut voluptatem non voluptates aliquid molestias.', 0, 0, '1990-03-04 00:22:35');
INSERT INTO `messages` (`id`, `from_user_id`, `to_user_id`, `body`, `is_important`, `is_delivered`, `created_at`) VALUES (31, 89, 9, 'Asperiores occaecati quia at aut quia quasi dolore. Corporis omnis ea aut amet illum. Molestiae rerum excepturi pariatur ut temporibus aut qui. Sunt vero magnam nam enim.', 0, 1, '1974-07-09 02:15:30');
INSERT INTO `messages` (`id`, `from_user_id`, `to_user_id`, `body`, `is_important`, `is_delivered`, `created_at`) VALUES (32, 24, 95, 'Illo nihil eveniet iure suscipit suscipit aut. Iusto rerum quo sequi reiciendis. Beatae aut iusto asperiores ut et consectetur. Rerum laborum tenetur iure reprehenderit et consequatur modi.', 1, 0, '2019-01-15 21:41:37');
INSERT INTO `messages` (`id`, `from_user_id`, `to_user_id`, `body`, `is_important`, `is_delivered`, `created_at`) VALUES (33, 8, 89, 'Libero consequuntur asperiores quis dolorem. Officiis fugit explicabo beatae ut. Ea sint quis possimus nemo excepturi totam corporis rerum.', 1, 1, '1975-02-23 22:03:25');
INSERT INTO `messages` (`id`, `from_user_id`, `to_user_id`, `body`, `is_important`, `is_delivered`, `created_at`) VALUES (34, 48, 31, 'Temporibus quos autem culpa enim vel voluptatem maiores. Dolor sunt quisquam sapiente nostrum explicabo distinctio voluptatibus. Corporis et minima qui qui.', 1, 0, '1974-07-16 12:05:08');
INSERT INTO `messages` (`id`, `from_user_id`, `to_user_id`, `body`, `is_important`, `is_delivered`, `created_at`) VALUES (35, 10, 5, 'Debitis sed pariatur fugiat asperiores dolores assumenda unde. Quia consequatur qui nemo similique debitis omnis omnis. Ut quo aut ut.', 1, 0, '1978-03-12 20:45:08');
INSERT INTO `messages` (`id`, `from_user_id`, `to_user_id`, `body`, `is_important`, `is_delivered`, `created_at`) VALUES (36, 19, 12, 'Veniam temporibus provident velit nisi amet quo. Et voluptates consequatur incidunt sed necessitatibus maiores. Nulla sit dolorem sed aperiam.', 1, 1, '1970-10-24 17:20:51');
INSERT INTO `messages` (`id`, `from_user_id`, `to_user_id`, `body`, `is_important`, `is_delivered`, `created_at`) VALUES (37, 10, 45, 'Exercitationem expedita dolore ea. Veniam doloribus fuga ex sed rerum eveniet accusantium. Deserunt cumque repellat fugiat ipsum.', 1, 1, '2016-02-23 00:06:08');
INSERT INTO `messages` (`id`, `from_user_id`, `to_user_id`, `body`, `is_important`, `is_delivered`, `created_at`) VALUES (38, 58, 43, 'Minus non non labore sapiente. Ea consequatur dolores laudantium aspernatur exercitationem eos ut quaerat. Qui ut officia est. Nulla excepturi itaque aut deserunt.', 1, 0, '1977-07-23 02:50:50');
INSERT INTO `messages` (`id`, `from_user_id`, `to_user_id`, `body`, `is_important`, `is_delivered`, `created_at`) VALUES (39, 65, 99, 'Sunt ab delectus facilis iure a et. Qui error iusto sint animi qui. Illo voluptatem quod corrupti porro consequatur et et.', 1, 1, '2001-03-18 02:53:43');
INSERT INTO `messages` (`id`, `from_user_id`, `to_user_id`, `body`, `is_important`, `is_delivered`, `created_at`) VALUES (40, 46, 18, 'Necessitatibus voluptatum illum dolore quasi consectetur quas ab autem. Reiciendis pariatur aut esse et nulla. Labore et voluptatem beatae ea.', 1, 0, '2008-03-27 18:54:55');
INSERT INTO `messages` (`id`, `from_user_id`, `to_user_id`, `body`, `is_important`, `is_delivered`, `created_at`) VALUES (41, 92, 16, 'Est quisquam dignissimos eum est. Magnam et quae qui. Aut et quibusdam quaerat molestias aut aut minus. Et aut repellat quia voluptas fugit quidem corporis in.', 1, 1, '1988-08-06 15:06:14');
INSERT INTO `messages` (`id`, `from_user_id`, `to_user_id`, `body`, `is_important`, `is_delivered`, `created_at`) VALUES (42, 19, 63, 'Perspiciatis itaque architecto et eaque enim illo sunt. Molestias dolor consequatur est rerum repellat velit error. Alias architecto atque laboriosam nesciunt. Eos rerum vitae et est molestiae.', 0, 1, '1973-04-07 05:56:06');
INSERT INTO `messages` (`id`, `from_user_id`, `to_user_id`, `body`, `is_important`, `is_delivered`, `created_at`) VALUES (43, 75, 71, 'Dignissimos reiciendis alias corrupti quia dolores ad dolorum. Aut nostrum corporis voluptatem ratione quam vero. Nobis aperiam et reprehenderit non quis. Omnis qui dolorum amet voluptatem optio. Iste voluptate non porro vel suscipit quidem repudiandae et.', 0, 0, '2012-08-08 12:21:32');
INSERT INTO `messages` (`id`, `from_user_id`, `to_user_id`, `body`, `is_important`, `is_delivered`, `created_at`) VALUES (44, 11, 14, 'Sit recusandae architecto ut numquam eum. Eos et facere quia illum ea aut. Quia error rerum qui nesciunt. Beatae sit qui cum.', 0, 1, '1984-02-24 10:42:47');
INSERT INTO `messages` (`id`, `from_user_id`, `to_user_id`, `body`, `is_important`, `is_delivered`, `created_at`) VALUES (45, 25, 27, 'Sed autem voluptatibus dolorem neque suscipit vero. Aut iusto commodi expedita eum laborum est. Est corporis ex natus optio fuga earum animi. Neque blanditiis praesentium in qui sunt.', 0, 0, '1986-04-12 19:15:10');
INSERT INTO `messages` (`id`, `from_user_id`, `to_user_id`, `body`, `is_important`, `is_delivered`, `created_at`) VALUES (46, 78, 41, 'Non nam laborum rerum perspiciatis. Similique voluptatem non exercitationem. Error rerum recusandae quia voluptas animi consequatur.', 0, 1, '1975-05-02 16:24:22');
INSERT INTO `messages` (`id`, `from_user_id`, `to_user_id`, `body`, `is_important`, `is_delivered`, `created_at`) VALUES (47, 42, 1, 'Provident sed ex et fugit nostrum sed. Dolorum quis doloremque voluptate quis. Rerum harum ut tenetur omnis vitae voluptas quo. Qui molestiae laudantium iure accusantium et quia. Laudantium sit quae quis excepturi et.', 0, 1, '2001-12-13 12:21:09');
INSERT INTO `messages` (`id`, `from_user_id`, `to_user_id`, `body`, `is_important`, `is_delivered`, `created_at`) VALUES (48, 34, 25, 'Cumque in nam earum odio. Est distinctio temporibus qui ipsa dolor.', 0, 0, '1995-10-25 14:53:52');
INSERT INTO `messages` (`id`, `from_user_id`, `to_user_id`, `body`, `is_important`, `is_delivered`, `created_at`) VALUES (49, 24, 64, 'Ab debitis et autem quis sunt. Deleniti occaecati ea mollitia voluptatibus pariatur quis ullam architecto. Molestias id blanditiis exercitationem veritatis nisi. Aut aut nulla ducimus dignissimos molestiae iusto sequi. Quasi corrupti enim officiis sunt voluptatum sed.', 0, 0, '2003-12-14 11:19:33');
INSERT INTO `messages` (`id`, `from_user_id`, `to_user_id`, `body`, `is_important`, `is_delivered`, `created_at`) VALUES (50, 21, 100, 'Est consequatur aut et molestias saepe sed quia architecto. Aut dicta qui aliquam beatae rerum ex possimus. Odio ut tempora quisquam placeat sint.', 0, 1, '2019-07-19 21:28:13');
INSERT INTO `messages` (`id`, `from_user_id`, `to_user_id`, `body`, `is_important`, `is_delivered`, `created_at`) VALUES (51, 18, 86, 'Deserunt adipisci non vel quos laborum voluptates rerum expedita. Non et libero aut non veniam debitis. Minus occaecati labore sit soluta. Maxime voluptatum tempore blanditiis et voluptas quis ipsa.', 0, 1, '2004-01-07 17:31:54');
INSERT INTO `messages` (`id`, `from_user_id`, `to_user_id`, `body`, `is_important`, `is_delivered`, `created_at`) VALUES (52, 63, 92, 'Rerum corporis placeat delectus eum repellat sed. Hic magnam assumenda sed qui. Rem ducimus architecto sequi voluptatem. Veniam non alias ratione temporibus quis et dolore.', 1, 1, '1972-12-06 04:39:16');
INSERT INTO `messages` (`id`, `from_user_id`, `to_user_id`, `body`, `is_important`, `is_delivered`, `created_at`) VALUES (53, 90, 40, 'Tempore animi neque autem voluptates libero fuga asperiores rerum. Enim ratione itaque inventore omnis dolorum fuga placeat. Aliquam eos impedit voluptate.', 1, 0, '1995-01-02 16:49:59');
INSERT INTO `messages` (`id`, `from_user_id`, `to_user_id`, `body`, `is_important`, `is_delivered`, `created_at`) VALUES (54, 59, 63, 'Consequatur est beatae natus minima. Sit sed accusamus rerum voluptatem et esse eius. Quis at deserunt maxime qui eum.', 0, 0, '1979-09-17 09:33:26');
INSERT INTO `messages` (`id`, `from_user_id`, `to_user_id`, `body`, `is_important`, `is_delivered`, `created_at`) VALUES (55, 27, 72, 'Ut rerum libero deleniti error voluptate. Soluta est qui harum dolores tempora. Et expedita nemo quidem.', 0, 1, '1996-10-23 16:43:50');
INSERT INTO `messages` (`id`, `from_user_id`, `to_user_id`, `body`, `is_important`, `is_delivered`, `created_at`) VALUES (56, 89, 68, 'Dolorem temporibus quis fugiat aspernatur quia. Harum similique nihil ducimus voluptates aliquam. Laborum exercitationem aut a voluptatem nisi harum.', 1, 1, '2007-11-18 11:58:09');
INSERT INTO `messages` (`id`, `from_user_id`, `to_user_id`, `body`, `is_important`, `is_delivered`, `created_at`) VALUES (57, 93, 37, 'Consequatur dolorem veniam rem cum vero rerum. Nisi rerum laborum odit vel. Quidem et neque in. Optio accusantium sunt eius et.', 0, 1, '2012-01-23 02:13:24');
INSERT INTO `messages` (`id`, `from_user_id`, `to_user_id`, `body`, `is_important`, `is_delivered`, `created_at`) VALUES (58, 84, 61, 'Ab sunt et eligendi cum consequuntur minus quae. At optio magnam quisquam est consequatur. Sint aperiam autem laboriosam aut autem.', 1, 1, '1997-11-28 07:23:38');
INSERT INTO `messages` (`id`, `from_user_id`, `to_user_id`, `body`, `is_important`, `is_delivered`, `created_at`) VALUES (59, 43, 25, 'Rerum dolor quia quibusdam aperiam mollitia minus aut voluptates. Velit sit quo hic veniam. Est veniam excepturi aut voluptatem et ullam. Delectus deserunt eius voluptatem nobis natus ut eos rerum.', 0, 0, '1976-05-23 02:34:06');
INSERT INTO `messages` (`id`, `from_user_id`, `to_user_id`, `body`, `is_important`, `is_delivered`, `created_at`) VALUES (60, 76, 61, 'Quo commodi magnam quidem quae molestiae esse dolorum enim. Voluptates tenetur non quas occaecati iusto.', 1, 0, '1989-09-14 02:34:37');
INSERT INTO `messages` (`id`, `from_user_id`, `to_user_id`, `body`, `is_important`, `is_delivered`, `created_at`) VALUES (61, 21, 58, 'Fugit suscipit ut dolores assumenda blanditiis est laboriosam. Ipsum aut doloremque dolor iusto. Ut aut tenetur nulla quia. Quibusdam expedita quibusdam aut.', 1, 1, '1976-12-10 20:33:18');
INSERT INTO `messages` (`id`, `from_user_id`, `to_user_id`, `body`, `is_important`, `is_delivered`, `created_at`) VALUES (62, 39, 43, 'Eos odit rerum aut omnis ducimus rem recusandae. Quo sunt ut aut qui qui quia. Et voluptatem architecto praesentium dicta nostrum nulla.', 1, 0, '1990-09-09 15:55:15');
INSERT INTO `messages` (`id`, `from_user_id`, `to_user_id`, `body`, `is_important`, `is_delivered`, `created_at`) VALUES (63, 89, 14, 'Qui modi totam ipsum qui. Repellat dolor ad accusantium perspiciatis debitis nihil beatae. Aut voluptatibus corporis aut dolor explicabo.', 0, 1, '2007-03-11 17:33:21');
INSERT INTO `messages` (`id`, `from_user_id`, `to_user_id`, `body`, `is_important`, `is_delivered`, `created_at`) VALUES (64, 94, 44, 'Eum cumque aliquid aut molestias quaerat reprehenderit totam labore. Praesentium sed est quis odit blanditiis numquam. Ducimus inventore exercitationem quas quibusdam blanditiis accusantium dolor unde.', 0, 0, '1978-11-25 19:40:17');
INSERT INTO `messages` (`id`, `from_user_id`, `to_user_id`, `body`, `is_important`, `is_delivered`, `created_at`) VALUES (65, 68, 1, 'Minima atque nihil est aut doloremque est quam. Voluptas ea ut consequatur dicta sit. Voluptas sed velit aliquid et voluptatum.', 1, 1, '2009-12-17 16:25:04');
INSERT INTO `messages` (`id`, `from_user_id`, `to_user_id`, `body`, `is_important`, `is_delivered`, `created_at`) VALUES (66, 56, 88, 'Aut eveniet neque iure excepturi voluptate quae. Non ut aut distinctio qui dolorem asperiores fugit quia.', 0, 1, '2010-08-12 16:56:25');
INSERT INTO `messages` (`id`, `from_user_id`, `to_user_id`, `body`, `is_important`, `is_delivered`, `created_at`) VALUES (67, 47, 10, 'Ut magni dolorum cumque nostrum. Et sint ipsum consectetur quae inventore ut quam dolorem. Voluptatem esse qui dolorem ea voluptatem in.', 0, 1, '2006-12-26 00:07:16');
INSERT INTO `messages` (`id`, `from_user_id`, `to_user_id`, `body`, `is_important`, `is_delivered`, `created_at`) VALUES (68, 26, 47, 'Aut est laboriosam autem voluptatem. Impedit aut alias voluptatum maxime est voluptas. Nesciunt hic quod tempora mollitia voluptatibus et.', 0, 1, '1999-08-26 16:39:59');
INSERT INTO `messages` (`id`, `from_user_id`, `to_user_id`, `body`, `is_important`, `is_delivered`, `created_at`) VALUES (69, 4, 50, 'Iusto voluptatem facilis doloremque et. Magni voluptate nisi blanditiis cumque accusamus et voluptatem repudiandae.', 0, 1, '2013-11-24 16:21:38');
INSERT INTO `messages` (`id`, `from_user_id`, `to_user_id`, `body`, `is_important`, `is_delivered`, `created_at`) VALUES (70, 35, 61, 'Nulla vero nobis dolorum qui reiciendis neque placeat voluptates. Sed suscipit maxime quos ut sit. Fugiat qui qui est doloremque cupiditate corporis.', 0, 1, '2010-03-23 09:00:39');
INSERT INTO `messages` (`id`, `from_user_id`, `to_user_id`, `body`, `is_important`, `is_delivered`, `created_at`) VALUES (71, 75, 70, 'Libero minima voluptatem quod voluptatem. Dolores vitae maiores eligendi culpa dolorem rerum necessitatibus. Sequi et odio recusandae voluptas laboriosam.', 0, 1, '1979-04-19 07:56:55');
INSERT INTO `messages` (`id`, `from_user_id`, `to_user_id`, `body`, `is_important`, `is_delivered`, `created_at`) VALUES (72, 30, 48, 'Laboriosam corporis aut et officiis deserunt non porro. Cupiditate optio reiciendis ullam. Odit veritatis modi et velit ut cupiditate optio omnis. Iure in vel placeat neque sunt sed.', 1, 0, '1972-07-10 20:13:20');
INSERT INTO `messages` (`id`, `from_user_id`, `to_user_id`, `body`, `is_important`, `is_delivered`, `created_at`) VALUES (73, 81, 21, 'Accusantium error aut ullam aut. Pariatur sint at eos est placeat adipisci. Sed amet labore non dolore nam optio ut. Dolores ut ut distinctio est ut maxime reprehenderit.', 1, 1, '2010-12-07 13:14:31');
INSERT INTO `messages` (`id`, `from_user_id`, `to_user_id`, `body`, `is_important`, `is_delivered`, `created_at`) VALUES (74, 48, 77, 'Est accusamus et dolorem qui. Aliquid est sunt assumenda omnis exercitationem dolores nisi. Ea porro distinctio magnam iste.', 1, 1, '2000-09-12 12:01:30');
INSERT INTO `messages` (`id`, `from_user_id`, `to_user_id`, `body`, `is_important`, `is_delivered`, `created_at`) VALUES (75, 39, 8, 'Deserunt culpa voluptatibus aut vitae ipsa voluptas. Soluta explicabo praesentium culpa rerum aliquam est et. Culpa non et sed consectetur.', 1, 1, '2003-09-14 07:47:28');
INSERT INTO `messages` (`id`, `from_user_id`, `to_user_id`, `body`, `is_important`, `is_delivered`, `created_at`) VALUES (76, 15, 46, 'Maxime odit adipisci veritatis est delectus. Vel aut ut ipsam cum sequi architecto rerum. Non hic vel architecto qui temporibus.', 1, 1, '1990-05-19 14:15:01');
INSERT INTO `messages` (`id`, `from_user_id`, `to_user_id`, `body`, `is_important`, `is_delivered`, `created_at`) VALUES (77, 26, 86, 'Quia maiores eos voluptatem voluptatum nihil doloribus. Saepe eum blanditiis deleniti.', 0, 0, '1982-03-14 17:30:49');
INSERT INTO `messages` (`id`, `from_user_id`, `to_user_id`, `body`, `is_important`, `is_delivered`, `created_at`) VALUES (78, 41, 78, 'Optio ut nostrum facilis rerum dolores. Saepe ipsam laudantium minima amet delectus totam natus eum. Et atque quas velit voluptates.', 0, 1, '2017-03-25 14:25:43');
INSERT INTO `messages` (`id`, `from_user_id`, `to_user_id`, `body`, `is_important`, `is_delivered`, `created_at`) VALUES (79, 5, 34, 'Fugit odit qui eos voluptas consequuntur voluptates odio. Accusamus sit consectetur nobis et.', 0, 0, '2019-09-29 22:46:59');
INSERT INTO `messages` (`id`, `from_user_id`, `to_user_id`, `body`, `is_important`, `is_delivered`, `created_at`) VALUES (80, 66, 89, 'Ut vitae laudantium laudantium ab perspiciatis mollitia. Maxime et recusandae temporibus dolores animi maxime quia. Sit optio provident in inventore.', 1, 0, '1994-03-03 04:26:34');
INSERT INTO `messages` (`id`, `from_user_id`, `to_user_id`, `body`, `is_important`, `is_delivered`, `created_at`) VALUES (81, 48, 54, 'Cumque cumque voluptas fugiat est. Laborum quae voluptas qui nam voluptas quia sunt. Dolor non nobis qui et possimus nobis.', 0, 1, '1986-08-10 05:59:20');
INSERT INTO `messages` (`id`, `from_user_id`, `to_user_id`, `body`, `is_important`, `is_delivered`, `created_at`) VALUES (82, 78, 43, 'Beatae velit aut est velit quis sequi ut debitis. Et quas perspiciatis provident ducimus error ad. Laborum incidunt sequi quae architecto molestiae omnis nihil.', 0, 0, '2011-12-01 03:22:28');
INSERT INTO `messages` (`id`, `from_user_id`, `to_user_id`, `body`, `is_important`, `is_delivered`, `created_at`) VALUES (83, 12, 49, 'Minima laborum aut sequi vitae. Aliquam rem ullam eum eligendi iusto explicabo sint. Iste excepturi provident non enim temporibus perspiciatis.', 0, 0, '1990-01-26 13:50:21');
INSERT INTO `messages` (`id`, `from_user_id`, `to_user_id`, `body`, `is_important`, `is_delivered`, `created_at`) VALUES (84, 69, 9, 'Aut aliquid nesciunt voluptatem sit voluptatem molestiae tempora. Excepturi reprehenderit maxime facilis sapiente velit autem. Dolorem ipsam laudantium aut ut et quam quibusdam.', 1, 1, '1994-04-07 04:01:52');
INSERT INTO `messages` (`id`, `from_user_id`, `to_user_id`, `body`, `is_important`, `is_delivered`, `created_at`) VALUES (85, 47, 41, 'Fuga qui explicabo dignissimos commodi voluptas mollitia incidunt labore. Adipisci sed dolore officiis pariatur. Recusandae velit eligendi delectus asperiores. Voluptas nisi sint recusandae.', 0, 1, '2006-02-22 16:52:51');
INSERT INTO `messages` (`id`, `from_user_id`, `to_user_id`, `body`, `is_important`, `is_delivered`, `created_at`) VALUES (86, 49, 10, 'Tempora sapiente et est nihil ut. Optio nihil qui ut et adipisci qui. Quia aut velit voluptatem veniam molestias nesciunt tempora sit. Aut nulla exercitationem corporis.', 1, 0, '1972-01-12 18:27:38');
INSERT INTO `messages` (`id`, `from_user_id`, `to_user_id`, `body`, `is_important`, `is_delivered`, `created_at`) VALUES (87, 11, 30, 'Quo nulla eos quis. Aut sunt nihil voluptate molestiae. Magnam est et fugiat consectetur est officia omnis. Quaerat repudiandae ipsa aspernatur ut.', 0, 0, '2011-09-06 04:56:42');
INSERT INTO `messages` (`id`, `from_user_id`, `to_user_id`, `body`, `is_important`, `is_delivered`, `created_at`) VALUES (88, 48, 2, 'Aliquam et repellendus qui cupiditate harum eius blanditiis. Impedit dignissimos quisquam saepe explicabo omnis sequi. Eum consectetur quam quo unde aspernatur et et.', 0, 1, '1973-07-01 10:51:02');
INSERT INTO `messages` (`id`, `from_user_id`, `to_user_id`, `body`, `is_important`, `is_delivered`, `created_at`) VALUES (89, 43, 55, 'Sapiente impedit exercitationem ut nesciunt quos sint. Et omnis et et voluptas veritatis harum. Repellat neque eaque veniam.', 1, 0, '2001-01-04 10:30:30');
INSERT INTO `messages` (`id`, `from_user_id`, `to_user_id`, `body`, `is_important`, `is_delivered`, `created_at`) VALUES (90, 89, 24, 'Sint fugit dicta libero quos. Et illo voluptatem adipisci consequatur consequatur dolore. Est ab natus et libero animi sapiente ipsam molestiae. Ut itaque aut ea similique.', 0, 1, '2013-02-18 03:59:36');
INSERT INTO `messages` (`id`, `from_user_id`, `to_user_id`, `body`, `is_important`, `is_delivered`, `created_at`) VALUES (91, 92, 41, 'Occaecati a ut earum quasi. Esse soluta sit libero. Laborum ex atque laboriosam eius maiores ut possimus.', 0, 0, '1976-10-31 15:25:33');
INSERT INTO `messages` (`id`, `from_user_id`, `to_user_id`, `body`, `is_important`, `is_delivered`, `created_at`) VALUES (92, 65, 93, 'Placeat dolorem quia consequatur distinctio quis. Labore reprehenderit repudiandae iusto blanditiis. Aperiam atque minima veritatis dolorem eligendi molestias omnis quam.', 1, 0, '1975-05-15 01:38:50');
INSERT INTO `messages` (`id`, `from_user_id`, `to_user_id`, `body`, `is_important`, `is_delivered`, `created_at`) VALUES (93, 10, 10, 'Nobis dolore deserunt ea incidunt animi explicabo. Aut delectus deleniti minus amet vel aut. Officiis aut quia quo eum cupiditate dolorem et porro.', 0, 1, '1980-01-11 05:59:40');
INSERT INTO `messages` (`id`, `from_user_id`, `to_user_id`, `body`, `is_important`, `is_delivered`, `created_at`) VALUES (94, 56, 98, 'Nihil suscipit deserunt iure. Id sint facilis et voluptatem placeat aut optio. Et numquam sed ratione laboriosam non eligendi.', 1, 1, '1992-03-21 08:41:07');
INSERT INTO `messages` (`id`, `from_user_id`, `to_user_id`, `body`, `is_important`, `is_delivered`, `created_at`) VALUES (95, 33, 84, 'Assumenda ab enim aliquid consequatur. Sint explicabo necessitatibus libero animi laudantium aut. Exercitationem eligendi magni aperiam saepe aut culpa laboriosam.', 0, 1, '1974-03-17 08:18:13');
INSERT INTO `messages` (`id`, `from_user_id`, `to_user_id`, `body`, `is_important`, `is_delivered`, `created_at`) VALUES (96, 59, 84, 'Corrupti aut corrupti aliquam quod. Nesciunt eaque dolore nobis rerum modi. Odio eum deserunt necessitatibus esse culpa odit. Odit cum dolor dolore adipisci quia consequatur est nihil.', 0, 1, '1972-03-28 18:05:35');
INSERT INTO `messages` (`id`, `from_user_id`, `to_user_id`, `body`, `is_important`, `is_delivered`, `created_at`) VALUES (97, 91, 83, 'Ex id voluptatibus adipisci. Laudantium id ut ducimus ab et qui. Autem ea recusandae tempore ut sapiente ipsa.', 1, 1, '2001-06-15 18:53:19');
INSERT INTO `messages` (`id`, `from_user_id`, `to_user_id`, `body`, `is_important`, `is_delivered`, `created_at`) VALUES (98, 65, 52, 'Perspiciatis ipsam pariatur in non debitis. Dolore at et in ut aliquam. Id quod repellat iusto et tenetur dolorem temporibus. Vel dolores consequatur eum neque.', 1, 0, '1985-08-02 22:21:54');
INSERT INTO `messages` (`id`, `from_user_id`, `to_user_id`, `body`, `is_important`, `is_delivered`, `created_at`) VALUES (99, 10, 2, 'Ut quo consequatur laudantium. Iusto ea vel nulla earum dolorem sequi ut. Voluptas in corrupti accusantium.', 1, 0, '1985-09-10 08:32:49');
INSERT INTO `messages` (`id`, `from_user_id`, `to_user_id`, `body`, `is_important`, `is_delivered`, `created_at`) VALUES (100, 72, 53, 'Laboriosam nihil vitae libero ut ducimus. Totam voluptatibus et ducimus autem. Sit saepe vel ut voluptas.', 0, 1, '1973-02-17 07:54:58');


#
# TABLE STRUCTURE FOR: profiles
#

DROP TABLE IF EXISTS `profiles`;

CREATE TABLE `profiles` (
  `user_id` int(10) unsigned NOT NULL,
  `sex` char(1) COLLATE utf8_unicode_ci NOT NULL,
  `birthday` date DEFAULT NULL,
  `hometown` varchar(100) COLLATE utf8_unicode_ci DEFAULT NULL,
  `photo_id` int(10) unsigned NOT NULL,
  PRIMARY KEY (`user_id`)
) ENGINE=InnoDB DEFAULT CHARSET=utf8 COLLATE=utf8_unicode_ci;

INSERT INTO `profiles` (`user_id`, `sex`, `birthday`, `hometown`, `photo_id`) VALUES (1, '1', '2017-12-28', 'Jaquelinburgh', 1);
INSERT INTO `profiles` (`user_id`, `sex`, `birthday`, `hometown`, `photo_id`) VALUES (2, '2', '1989-05-25', 'South Jordi', 2);
INSERT INTO `profiles` (`user_id`, `sex`, `birthday`, `hometown`, `photo_id`) VALUES (3, '2', '2009-07-27', 'Frederiquefort', 3);
INSERT INTO `profiles` (`user_id`, `sex`, `birthday`, `hometown`, `photo_id`) VALUES (4, '1', '2019-09-14', 'Eichmannberg', 4);
INSERT INTO `profiles` (`user_id`, `sex`, `birthday`, `hometown`, `photo_id`) VALUES (5, '1', '2008-05-15', 'South Myahmouth', 5);
INSERT INTO `profiles` (`user_id`, `sex`, `birthday`, `hometown`, `photo_id`) VALUES (6, '2', '1973-07-05', 'Leannland', 6);
INSERT INTO `profiles` (`user_id`, `sex`, `birthday`, `hometown`, `photo_id`) VALUES (7, '1', '1998-11-29', 'East Theresia', 7);
INSERT INTO `profiles` (`user_id`, `sex`, `birthday`, `hometown`, `photo_id`) VALUES (8, '2', '2015-05-28', 'Coltenberg', 8);
INSERT INTO `profiles` (`user_id`, `sex`, `birthday`, `hometown`, `photo_id`) VALUES (9, '1', '1990-11-18', 'West Magali', 9);
INSERT INTO `profiles` (`user_id`, `sex`, `birthday`, `hometown`, `photo_id`) VALUES (10, '1', '1995-03-13', 'Hermanview', 10);
INSERT INTO `profiles` (`user_id`, `sex`, `birthday`, `hometown`, `photo_id`) VALUES (11, '2', '1995-05-27', 'South Silasview', 11);
INSERT INTO `profiles` (`user_id`, `sex`, `birthday`, `hometown`, `photo_id`) VALUES (12, '1', '1985-03-23', 'Santaton', 12);
INSERT INTO `profiles` (`user_id`, `sex`, `birthday`, `hometown`, `photo_id`) VALUES (13, '1', '2001-04-24', 'North Brennonstad', 13);
INSERT INTO `profiles` (`user_id`, `sex`, `birthday`, `hometown`, `photo_id`) VALUES (14, '2', '1974-01-15', 'South Zeldaberg', 14);
INSERT INTO `profiles` (`user_id`, `sex`, `birthday`, `hometown`, `photo_id`) VALUES (15, '1', '1995-02-24', 'East Josuefurt', 15);
INSERT INTO `profiles` (`user_id`, `sex`, `birthday`, `hometown`, `photo_id`) VALUES (16, '1', '1982-12-12', 'North Paoloburgh', 16);
INSERT INTO `profiles` (`user_id`, `sex`, `birthday`, `hometown`, `photo_id`) VALUES (17, '1', '2008-03-27', 'Dominicburgh', 17);
INSERT INTO `profiles` (`user_id`, `sex`, `birthday`, `hometown`, `photo_id`) VALUES (18, '1', '1985-05-19', 'Tateborough', 18);
INSERT INTO `profiles` (`user_id`, `sex`, `birthday`, `hometown`, `photo_id`) VALUES (19, '1', '2013-10-22', 'Einochester', 19);
INSERT INTO `profiles` (`user_id`, `sex`, `birthday`, `hometown`, `photo_id`) VALUES (20, '2', '2016-07-03', 'North Angelo', 20);
INSERT INTO `profiles` (`user_id`, `sex`, `birthday`, `hometown`, `photo_id`) VALUES (21, '1', '1987-01-29', 'New Adrain', 21);
INSERT INTO `profiles` (`user_id`, `sex`, `birthday`, `hometown`, `photo_id`) VALUES (22, '1', '1995-10-14', 'Lake Lysannefurt', 22);
INSERT INTO `profiles` (`user_id`, `sex`, `birthday`, `hometown`, `photo_id`) VALUES (23, '1', '1999-03-14', 'Buckridgefurt', 23);
INSERT INTO `profiles` (`user_id`, `sex`, `birthday`, `hometown`, `photo_id`) VALUES (24, '1', '1987-07-22', 'Bethanyberg', 24);
INSERT INTO `profiles` (`user_id`, `sex`, `birthday`, `hometown`, `photo_id`) VALUES (25, '1', '1993-05-03', 'Larkinland', 25);
INSERT INTO `profiles` (`user_id`, `sex`, `birthday`, `hometown`, `photo_id`) VALUES (26, '2', '1989-05-17', 'Lake Meaganchester', 26);
INSERT INTO `profiles` (`user_id`, `sex`, `birthday`, `hometown`, `photo_id`) VALUES (27, '2', '1997-05-10', 'Lake Roxanemouth', 27);
INSERT INTO `profiles` (`user_id`, `sex`, `birthday`, `hometown`, `photo_id`) VALUES (28, '2', '1993-11-09', 'Adalinechester', 28);
INSERT INTO `profiles` (`user_id`, `sex`, `birthday`, `hometown`, `photo_id`) VALUES (29, '2', '2009-01-16', 'East Jaydamouth', 29);
INSERT INTO `profiles` (`user_id`, `sex`, `birthday`, `hometown`, `photo_id`) VALUES (30, '2', '1998-06-01', 'New Madalineberg', 30);
INSERT INTO `profiles` (`user_id`, `sex`, `birthday`, `hometown`, `photo_id`) VALUES (31, '1', '1971-02-03', 'Ziemetown', 31);
INSERT INTO `profiles` (`user_id`, `sex`, `birthday`, `hometown`, `photo_id`) VALUES (32, '1', '2015-11-16', 'Breitenbergmouth', 32);
INSERT INTO `profiles` (`user_id`, `sex`, `birthday`, `hometown`, `photo_id`) VALUES (33, '2', '2009-09-15', 'North Flo', 33);
INSERT INTO `profiles` (`user_id`, `sex`, `birthday`, `hometown`, `photo_id`) VALUES (34, '2', '2006-03-09', 'Shanahanville', 34);
INSERT INTO `profiles` (`user_id`, `sex`, `birthday`, `hometown`, `photo_id`) VALUES (35, '1', '1971-02-12', 'West Betsybury', 35);
INSERT INTO `profiles` (`user_id`, `sex`, `birthday`, `hometown`, `photo_id`) VALUES (36, '1', '2000-04-02', 'East Jessie', 36);
INSERT INTO `profiles` (`user_id`, `sex`, `birthday`, `hometown`, `photo_id`) VALUES (37, '2', '1993-09-07', 'West Carmelo', 37);
INSERT INTO `profiles` (`user_id`, `sex`, `birthday`, `hometown`, `photo_id`) VALUES (38, '2', '2009-08-11', 'Reillyborough', 38);
INSERT INTO `profiles` (`user_id`, `sex`, `birthday`, `hometown`, `photo_id`) VALUES (39, '2', '1989-08-13', 'Homenickbury', 39);
INSERT INTO `profiles` (`user_id`, `sex`, `birthday`, `hometown`, `photo_id`) VALUES (40, '1', '2006-06-30', 'New Janice', 40);
INSERT INTO `profiles` (`user_id`, `sex`, `birthday`, `hometown`, `photo_id`) VALUES (41, '1', '1994-11-24', 'Grahamchester', 41);
INSERT INTO `profiles` (`user_id`, `sex`, `birthday`, `hometown`, `photo_id`) VALUES (42, '1', '2011-04-26', 'New Mariahtown', 42);
INSERT INTO `profiles` (`user_id`, `sex`, `birthday`, `hometown`, `photo_id`) VALUES (43, '2', '1979-01-02', 'North Modestotown', 43);
INSERT INTO `profiles` (`user_id`, `sex`, `birthday`, `hometown`, `photo_id`) VALUES (44, '1', '1997-09-24', 'Sipesville', 44);
INSERT INTO `profiles` (`user_id`, `sex`, `birthday`, `hometown`, `photo_id`) VALUES (45, '2', '2012-09-23', 'Nicolaland', 45);
INSERT INTO `profiles` (`user_id`, `sex`, `birthday`, `hometown`, `photo_id`) VALUES (46, '1', '1982-05-12', 'South Lavern', 46);
INSERT INTO `profiles` (`user_id`, `sex`, `birthday`, `hometown`, `photo_id`) VALUES (47, '1', '2012-01-01', 'Lake Braulio', 47);
INSERT INTO `profiles` (`user_id`, `sex`, `birthday`, `hometown`, `photo_id`) VALUES (48, '2', '1980-01-05', 'North Sistertown', 48);
INSERT INTO `profiles` (`user_id`, `sex`, `birthday`, `hometown`, `photo_id`) VALUES (49, '2', '1996-11-08', 'East Einarborough', 49);
INSERT INTO `profiles` (`user_id`, `sex`, `birthday`, `hometown`, `photo_id`) VALUES (50, '1', '1974-06-18', 'North Paoloberg', 50);
INSERT INTO `profiles` (`user_id`, `sex`, `birthday`, `hometown`, `photo_id`) VALUES (51, '1', '1989-09-18', 'Simeonview', 51);
INSERT INTO `profiles` (`user_id`, `sex`, `birthday`, `hometown`, `photo_id`) VALUES (52, '1', '1995-11-04', 'New Kariannemouth', 52);
INSERT INTO `profiles` (`user_id`, `sex`, `birthday`, `hometown`, `photo_id`) VALUES (53, '1', '1991-01-15', 'Jaronland', 53);
INSERT INTO `profiles` (`user_id`, `sex`, `birthday`, `hometown`, `photo_id`) VALUES (54, '1', '1971-02-02', 'Port Madilyn', 54);
INSERT INTO `profiles` (`user_id`, `sex`, `birthday`, `hometown`, `photo_id`) VALUES (55, '2', '1977-07-04', 'East Marshall', 55);
INSERT INTO `profiles` (`user_id`, `sex`, `birthday`, `hometown`, `photo_id`) VALUES (56, '2', '1998-05-03', 'Jennyferview', 56);
INSERT INTO `profiles` (`user_id`, `sex`, `birthday`, `hometown`, `photo_id`) VALUES (57, '1', '2005-10-31', 'Lake Dariana', 57);
INSERT INTO `profiles` (`user_id`, `sex`, `birthday`, `hometown`, `photo_id`) VALUES (58, '2', '1980-08-26', 'Bartholomeside', 58);
INSERT INTO `profiles` (`user_id`, `sex`, `birthday`, `hometown`, `photo_id`) VALUES (59, '2', '1982-12-31', 'Runolfssonstad', 59);
INSERT INTO `profiles` (`user_id`, `sex`, `birthday`, `hometown`, `photo_id`) VALUES (60, '1', '2007-06-12', 'Ankundington', 60);
INSERT INTO `profiles` (`user_id`, `sex`, `birthday`, `hometown`, `photo_id`) VALUES (61, '1', '1996-03-06', 'Bednarmouth', 61);
INSERT INTO `profiles` (`user_id`, `sex`, `birthday`, `hometown`, `photo_id`) VALUES (62, '2', '1990-05-23', 'West Paul', 62);
INSERT INTO `profiles` (`user_id`, `sex`, `birthday`, `hometown`, `photo_id`) VALUES (63, '1', '1992-03-01', 'Uptonton', 63);
INSERT INTO `profiles` (`user_id`, `sex`, `birthday`, `hometown`, `photo_id`) VALUES (64, '1', '1982-07-21', 'Adellaburgh', 64);
INSERT INTO `profiles` (`user_id`, `sex`, `birthday`, `hometown`, `photo_id`) VALUES (65, '1', '1975-11-01', 'Lilyton', 65);
INSERT INTO `profiles` (`user_id`, `sex`, `birthday`, `hometown`, `photo_id`) VALUES (66, '1', '2015-02-20', 'Anabelland', 66);
INSERT INTO `profiles` (`user_id`, `sex`, `birthday`, `hometown`, `photo_id`) VALUES (67, '1', '2018-09-03', 'Port Trenton', 67);
INSERT INTO `profiles` (`user_id`, `sex`, `birthday`, `hometown`, `photo_id`) VALUES (68, '2', '1977-12-05', 'Thompsonhaven', 68);
INSERT INTO `profiles` (`user_id`, `sex`, `birthday`, `hometown`, `photo_id`) VALUES (69, '1', '2002-02-19', 'East Kaylitown', 69);
INSERT INTO `profiles` (`user_id`, `sex`, `birthday`, `hometown`, `photo_id`) VALUES (70, '2', '1974-12-29', 'South Astrid', 70);
INSERT INTO `profiles` (`user_id`, `sex`, `birthday`, `hometown`, `photo_id`) VALUES (71, '2', '1993-07-28', 'West Dandrehaven', 71);
INSERT INTO `profiles` (`user_id`, `sex`, `birthday`, `hometown`, `photo_id`) VALUES (72, '2', '1977-10-03', 'North June', 72);
INSERT INTO `profiles` (`user_id`, `sex`, `birthday`, `hometown`, `photo_id`) VALUES (73, '1', '2016-06-05', 'North Dulcehaven', 73);
INSERT INTO `profiles` (`user_id`, `sex`, `birthday`, `hometown`, `photo_id`) VALUES (74, '1', '2008-11-03', 'Labadieborough', 74);
INSERT INTO `profiles` (`user_id`, `sex`, `birthday`, `hometown`, `photo_id`) VALUES (75, '2', '2003-01-08', 'Port Harmony', 75);
INSERT INTO `profiles` (`user_id`, `sex`, `birthday`, `hometown`, `photo_id`) VALUES (76, '1', '1970-08-10', 'Angelinaport', 76);
INSERT INTO `profiles` (`user_id`, `sex`, `birthday`, `hometown`, `photo_id`) VALUES (77, '1', '2009-04-25', 'Camrenville', 77);
INSERT INTO `profiles` (`user_id`, `sex`, `birthday`, `hometown`, `photo_id`) VALUES (78, '1', '1972-12-17', 'North Samir', 78);
INSERT INTO `profiles` (`user_id`, `sex`, `birthday`, `hometown`, `photo_id`) VALUES (79, '1', '1971-11-27', 'Lake Janyfort', 79);
INSERT INTO `profiles` (`user_id`, `sex`, `birthday`, `hometown`, `photo_id`) VALUES (80, '2', '1997-11-05', 'East Claraborough', 80);
INSERT INTO `profiles` (`user_id`, `sex`, `birthday`, `hometown`, `photo_id`) VALUES (81, '1', '1987-08-15', 'New Jamalstad', 81);
INSERT INTO `profiles` (`user_id`, `sex`, `birthday`, `hometown`, `photo_id`) VALUES (82, '2', '1989-11-15', 'New Dudleyberg', 82);
INSERT INTO `profiles` (`user_id`, `sex`, `birthday`, `hometown`, `photo_id`) VALUES (83, '2', '1971-01-02', 'East Brendon', 83);
INSERT INTO `profiles` (`user_id`, `sex`, `birthday`, `hometown`, `photo_id`) VALUES (84, '2', '2003-03-11', 'South Vestahaven', 84);
INSERT INTO `profiles` (`user_id`, `sex`, `birthday`, `hometown`, `photo_id`) VALUES (85, '2', '1981-04-28', 'Lowellberg', 85);
INSERT INTO `profiles` (`user_id`, `sex`, `birthday`, `hometown`, `photo_id`) VALUES (86, '1', '2018-03-16', 'West Bertrammouth', 86);
INSERT INTO `profiles` (`user_id`, `sex`, `birthday`, `hometown`, `photo_id`) VALUES (87, '2', '2019-02-12', 'Hollisberg', 87);
INSERT INTO `profiles` (`user_id`, `sex`, `birthday`, `hometown`, `photo_id`) VALUES (88, '2', '2003-09-02', 'Burleyburgh', 88);
INSERT INTO `profiles` (`user_id`, `sex`, `birthday`, `hometown`, `photo_id`) VALUES (89, '2', '1979-12-29', 'North D\'angelo', 89);
INSERT INTO `profiles` (`user_id`, `sex`, `birthday`, `hometown`, `photo_id`) VALUES (90, '1', '1997-01-09', 'West Niaborough', 90);
INSERT INTO `profiles` (`user_id`, `sex`, `birthday`, `hometown`, `photo_id`) VALUES (91, '2', '1986-06-11', 'Lake Laverna', 91);
INSERT INTO `profiles` (`user_id`, `sex`, `birthday`, `hometown`, `photo_id`) VALUES (92, '1', '2010-07-22', 'Lake Adalinefurt', 92);
INSERT INTO `profiles` (`user_id`, `sex`, `birthday`, `hometown`, `photo_id`) VALUES (93, '1', '1998-04-19', 'Bergeborough', 93);
INSERT INTO `profiles` (`user_id`, `sex`, `birthday`, `hometown`, `photo_id`) VALUES (94, '2', '2001-03-13', 'Kossville', 94);
INSERT INTO `profiles` (`user_id`, `sex`, `birthday`, `hometown`, `photo_id`) VALUES (95, '2', '2007-03-05', 'Albinaton', 95);
INSERT INTO `profiles` (`user_id`, `sex`, `birthday`, `hometown`, `photo_id`) VALUES (96, '1', '2011-09-25', 'Lake Craigfurt', 96);
INSERT INTO `profiles` (`user_id`, `sex`, `birthday`, `hometown`, `photo_id`) VALUES (97, '2', '1985-11-09', 'Adellview', 97);
INSERT INTO `profiles` (`user_id`, `sex`, `birthday`, `hometown`, `photo_id`) VALUES (98, '2', '2006-06-05', 'New Mariana', 98);
INSERT INTO `profiles` (`user_id`, `sex`, `birthday`, `hometown`, `photo_id`) VALUES (99, '1', '2003-09-06', 'Quitzonport', 99);
INSERT INTO `profiles` (`user_id`, `sex`, `birthday`, `hometown`, `photo_id`) VALUES (100, '2', '2014-07-15', 'Russelview', 100);


#
# TABLE STRUCTURE FOR: users
#

DROP TABLE IF EXISTS `users`;

CREATE TABLE `users` (
  `id` int(10) unsigned NOT NULL AUTO_INCREMENT,
  `first_name` varchar(100) COLLATE utf8_unicode_ci NOT NULL,
  `last_name` varchar(100) COLLATE utf8_unicode_ci NOT NULL,
  `email` varchar(120) COLLATE utf8_unicode_ci NOT NULL,
  `phone` varchar(120) COLLATE utf8_unicode_ci NOT NULL,
  `created_at` datetime DEFAULT current_timestamp(),
  `updated_at` datetime DEFAULT current_timestamp() ON UPDATE current_timestamp(),
  PRIMARY KEY (`id`),
  UNIQUE KEY `email` (`email`),
  UNIQUE KEY `phone` (`phone`)
) ENGINE=InnoDB AUTO_INCREMENT=101 DEFAULT CHARSET=utf8 COLLATE=utf8_unicode_ci;

INSERT INTO `users` (`id`, `first_name`, `last_name`, `email`, `phone`, `created_at`, `updated_at`) VALUES (1, 'Garnett', 'Towne', 'erich72@example.org', '(489)316-6461x87592', '1989-03-16 00:32:43', '2003-03-24 14:20:59');
INSERT INTO `users` (`id`, `first_name`, `last_name`, `email`, `phone`, `created_at`, `updated_at`) VALUES (2, 'Della', 'Casper', 'magnolia43@example.net', '178-154-3473x5969', '2017-12-02 16:11:17', '1983-07-13 05:27:18');
INSERT INTO `users` (`id`, `first_name`, `last_name`, `email`, `phone`, `created_at`, `updated_at`) VALUES (3, 'Hubert', 'Abernathy', 'jast.edwardo@example.com', '05383598912', '1972-06-01 08:41:23', '2019-06-21 23:01:47');
INSERT INTO `users` (`id`, `first_name`, `last_name`, `email`, `phone`, `created_at`, `updated_at`) VALUES (4, 'Lavada', 'Harvey', 'daren60@example.com', '800-414-1550x5458', '1989-01-08 19:06:15', '2019-04-03 02:11:13');
INSERT INTO `users` (`id`, `first_name`, `last_name`, `email`, `phone`, `created_at`, `updated_at`) VALUES (5, 'Hilma', 'Mertz', 'mariah.satterfield@example.com', '916-978-7044', '2012-11-07 16:17:52', '2004-03-06 11:32:44');
INSERT INTO `users` (`id`, `first_name`, `last_name`, `email`, `phone`, `created_at`, `updated_at`) VALUES (6, 'Kimberly', 'Kreiger', 'hintz.trent@example.net', '00455322358', '2001-08-18 07:21:24', '1970-04-02 21:38:58');
INSERT INTO `users` (`id`, `first_name`, `last_name`, `email`, `phone`, `created_at`, `updated_at`) VALUES (7, 'Bret', 'Ebert', 'idell.reynolds@example.com', '598-818-8615x44041', '1983-08-12 14:22:59', '2004-08-16 08:11:29');
INSERT INTO `users` (`id`, `first_name`, `last_name`, `email`, `phone`, `created_at`, `updated_at`) VALUES (8, 'Kyleigh', 'McClure', 'cordell.spinka@example.net', '08678047759', '2011-07-23 01:25:02', '1987-05-20 20:10:45');
INSERT INTO `users` (`id`, `first_name`, `last_name`, `email`, `phone`, `created_at`, `updated_at`) VALUES (9, 'Luella', 'Hyatt', 'aletha95@example.org', '577.011.3755', '1974-10-26 11:17:24', '1997-09-11 14:38:13');
INSERT INTO `users` (`id`, `first_name`, `last_name`, `email`, `phone`, `created_at`, `updated_at`) VALUES (10, 'Laurianne', 'Gottlieb', 'ettie.bayer@example.com', '959-012-3534x689', '1979-12-04 22:18:21', '1997-07-28 12:19:41');
INSERT INTO `users` (`id`, `first_name`, `last_name`, `email`, `phone`, `created_at`, `updated_at`) VALUES (11, 'Bertrand', 'Berge', 'gutmann.grace@example.com', '+58(6)2512121002', '1997-07-06 06:42:01', '2011-02-23 14:25:27');
INSERT INTO `users` (`id`, `first_name`, `last_name`, `email`, `phone`, `created_at`, `updated_at`) VALUES (12, 'Catherine', 'Gaylord', 'roel66@example.net', '160.336.1974', '2015-05-27 23:22:16', '2017-09-21 09:26:12');
INSERT INTO `users` (`id`, `first_name`, `last_name`, `email`, `phone`, `created_at`, `updated_at`) VALUES (13, 'Jeramy', 'Hahn', 'klegros@example.com', '264.210.8267x0301', '2006-11-12 03:47:20', '1972-02-29 08:45:28');
INSERT INTO `users` (`id`, `first_name`, `last_name`, `email`, `phone`, `created_at`, `updated_at`) VALUES (14, 'Aleen', 'Lockman', 'mckenzie86@example.org', '066.246.5040', '1995-08-28 15:23:53', '1991-05-16 07:42:07');
INSERT INTO `users` (`id`, `first_name`, `last_name`, `email`, `phone`, `created_at`, `updated_at`) VALUES (15, 'Emmalee', 'Waters', 'blick.dino@example.com', '05652651883', '2017-11-26 12:07:34', '1988-11-04 14:28:54');
INSERT INTO `users` (`id`, `first_name`, `last_name`, `email`, `phone`, `created_at`, `updated_at`) VALUES (16, 'Luciano', 'Swaniawski', 'ruthe10@example.org', '(813)656-5637x23335', '2015-08-16 17:37:28', '1999-11-02 20:17:00');
INSERT INTO `users` (`id`, `first_name`, `last_name`, `email`, `phone`, `created_at`, `updated_at`) VALUES (17, 'Minnie', 'Daniel', 'elton.cormier@example.net', '(885)686-5714x9764', '1992-09-28 05:11:09', '2018-11-04 09:32:51');
INSERT INTO `users` (`id`, `first_name`, `last_name`, `email`, `phone`, `created_at`, `updated_at`) VALUES (18, 'Maximillian', 'Koelpin', 'erica22@example.org', '664.790.1094x83446', '1998-08-08 08:47:56', '2012-02-25 01:44:28');
INSERT INTO `users` (`id`, `first_name`, `last_name`, `email`, `phone`, `created_at`, `updated_at`) VALUES (19, 'Parker', 'Hackett', 'quentin48@example.net', '(820)766-2433x355', '1986-06-28 00:45:17', '1979-09-19 00:55:08');
INSERT INTO `users` (`id`, `first_name`, `last_name`, `email`, `phone`, `created_at`, `updated_at`) VALUES (20, 'Abigayle', 'Lubowitz', 'fisher.tremayne@example.com', '629-731-4631', '1979-12-02 11:03:53', '1991-10-07 19:30:43');
INSERT INTO `users` (`id`, `first_name`, `last_name`, `email`, `phone`, `created_at`, `updated_at`) VALUES (21, 'Hannah', 'Marquardt', 'jamaal23@example.net', '(306)544-3084x2623', '2017-03-18 07:40:32', '2000-07-08 20:29:59');
INSERT INTO `users` (`id`, `first_name`, `last_name`, `email`, `phone`, `created_at`, `updated_at`) VALUES (22, 'Leonel', 'Zboncak', 'xlubowitz@example.org', '099-134-9859x820', '1998-01-10 03:17:40', '1991-04-01 10:28:20');
INSERT INTO `users` (`id`, `first_name`, `last_name`, `email`, `phone`, `created_at`, `updated_at`) VALUES (23, 'Max', 'Lehner', 'dayana.stroman@example.com', '(725)817-3941', '1990-11-10 14:28:25', '1994-03-31 20:46:34');
INSERT INTO `users` (`id`, `first_name`, `last_name`, `email`, `phone`, `created_at`, `updated_at`) VALUES (24, 'Alena', 'Mante', 'kristofer.hills@example.net', '293.400.2990', '2017-05-03 22:12:15', '2000-08-03 06:09:05');
INSERT INTO `users` (`id`, `first_name`, `last_name`, `email`, `phone`, `created_at`, `updated_at`) VALUES (25, 'Elenor', 'Cremin', 'monahan.dedrick@example.net', '(262)029-5483x175', '2005-09-24 22:27:06', '2013-04-24 02:05:02');
INSERT INTO `users` (`id`, `first_name`, `last_name`, `email`, `phone`, `created_at`, `updated_at`) VALUES (26, 'Michele', 'Tromp', 'ibosco@example.org', '910-219-3357', '1981-01-02 03:46:26', '1989-01-21 15:42:24');
INSERT INTO `users` (`id`, `first_name`, `last_name`, `email`, `phone`, `created_at`, `updated_at`) VALUES (27, 'Stella', 'Beier', 'kobe.bartoletti@example.net', '1-205-057-9717x349', '1973-08-15 10:47:13', '1999-12-11 08:26:12');
INSERT INTO `users` (`id`, `first_name`, `last_name`, `email`, `phone`, `created_at`, `updated_at`) VALUES (28, 'Genesis', 'Sporer', 'ariane18@example.com', '047.582.1054x5081', '1986-12-16 20:24:07', '2004-02-07 12:33:59');
INSERT INTO `users` (`id`, `first_name`, `last_name`, `email`, `phone`, `created_at`, `updated_at`) VALUES (29, 'Percy', 'Streich', 'gkeeling@example.org', '105-552-9728x92163', '2019-01-26 16:00:40', '1970-06-27 05:21:17');
INSERT INTO `users` (`id`, `first_name`, `last_name`, `email`, `phone`, `created_at`, `updated_at`) VALUES (30, 'Hollis', 'Treutel', 'jacobs.clementina@example.com', '1-804-561-9180', '2009-05-07 09:22:39', '1999-03-06 16:28:02');
INSERT INTO `users` (`id`, `first_name`, `last_name`, `email`, `phone`, `created_at`, `updated_at`) VALUES (31, 'Marina', 'Langworth', 'bglover@example.org', '634.444.3869', '1993-03-24 06:34:06', '2006-10-05 04:55:33');
INSERT INTO `users` (`id`, `first_name`, `last_name`, `email`, `phone`, `created_at`, `updated_at`) VALUES (32, 'Anya', 'Gibson', 'macy96@example.net', '1-961-684-7002x081', '1997-03-08 13:51:00', '2010-05-20 20:25:12');
INSERT INTO `users` (`id`, `first_name`, `last_name`, `email`, `phone`, `created_at`, `updated_at`) VALUES (33, 'Carole', 'Wintheiser', 'jayce.reinger@example.net', '(169)097-3283x4440', '2003-04-19 21:32:39', '1972-08-04 22:16:49');
INSERT INTO `users` (`id`, `first_name`, `last_name`, `email`, `phone`, `created_at`, `updated_at`) VALUES (34, 'Arjun', 'Bernhard', 'adan.keebler@example.net', '+22(7)7448738417', '2019-01-27 04:27:12', '2016-05-26 03:38:36');
INSERT INTO `users` (`id`, `first_name`, `last_name`, `email`, `phone`, `created_at`, `updated_at`) VALUES (35, 'Odie', 'Lesch', 'jaycee49@example.org', '(240)379-9565x46862', '1990-03-24 01:16:26', '1989-01-08 03:51:12');
INSERT INTO `users` (`id`, `first_name`, `last_name`, `email`, `phone`, `created_at`, `updated_at`) VALUES (36, 'Caterina', 'Ruecker', 'ko\'kon@example.org', '06987609920', '1989-08-09 04:43:00', '1983-04-02 15:32:28');
INSERT INTO `users` (`id`, `first_name`, `last_name`, `email`, `phone`, `created_at`, `updated_at`) VALUES (37, 'Cali', 'Fahey', 'mraz.eulalia@example.com', '+93(5)7880740992', '1992-02-16 11:13:47', '1990-03-24 03:01:47');
INSERT INTO `users` (`id`, `first_name`, `last_name`, `email`, `phone`, `created_at`, `updated_at`) VALUES (38, 'Tess', 'Hamill', 'gerhold.ashly@example.org', '1-834-048-6126x31582', '1972-06-04 03:42:38', '1995-03-31 00:22:26');
INSERT INTO `users` (`id`, `first_name`, `last_name`, `email`, `phone`, `created_at`, `updated_at`) VALUES (39, 'Kaelyn', 'Larson', 'hagenes.michaela@example.net', '007.892.5846', '2012-12-16 00:46:05', '1981-01-21 21:16:05');
INSERT INTO `users` (`id`, `first_name`, `last_name`, `email`, `phone`, `created_at`, `updated_at`) VALUES (40, 'Thora', 'O\'Conner', 'shaina.gaylord@example.org', '264.362.5591x659', '1984-08-23 00:23:02', '2005-02-26 04:35:57');
INSERT INTO `users` (`id`, `first_name`, `last_name`, `email`, `phone`, `created_at`, `updated_at`) VALUES (41, 'Mariah', 'Anderson', 'lilian52@example.org', '469.345.3811x6907', '2016-02-18 14:43:43', '2019-09-30 16:04:53');
INSERT INTO `users` (`id`, `first_name`, `last_name`, `email`, `phone`, `created_at`, `updated_at`) VALUES (42, 'Herman', 'Barton', 'nhomenick@example.org', '020-849-9470x0763', '1985-12-19 02:17:07', '2009-04-07 20:16:26');
INSERT INTO `users` (`id`, `first_name`, `last_name`, `email`, `phone`, `created_at`, `updated_at`) VALUES (43, 'Rachael', 'Hilpert', 'tiara63@example.org', '980.799.2635', '1973-06-04 21:54:21', '2000-03-16 11:06:29');
INSERT INTO `users` (`id`, `first_name`, `last_name`, `email`, `phone`, `created_at`, `updated_at`) VALUES (44, 'Julianne', 'Labadie', 'jcasper@example.net', '(458)612-3509x99189', '1979-09-10 21:29:38', '2003-12-05 05:51:34');
INSERT INTO `users` (`id`, `first_name`, `last_name`, `email`, `phone`, `created_at`, `updated_at`) VALUES (45, 'Arely', 'Botsford', 'clay72@example.net', '743.211.2784x7727', '1970-10-28 08:55:02', '1979-07-15 08:53:28');
INSERT INTO `users` (`id`, `first_name`, `last_name`, `email`, `phone`, `created_at`, `updated_at`) VALUES (46, 'Noel', 'Boyle', 'qlockman@example.net', '631-920-1112x971', '2014-08-30 17:29:21', '2017-08-05 07:37:43');
INSERT INTO `users` (`id`, `first_name`, `last_name`, `email`, `phone`, `created_at`, `updated_at`) VALUES (47, 'Justina', 'Hodkiewicz', 'adele84@example.net', '837.535.6948x2102', '2010-08-23 04:04:31', '1973-08-25 04:21:13');
INSERT INTO `users` (`id`, `first_name`, `last_name`, `email`, `phone`, `created_at`, `updated_at`) VALUES (48, 'Kolby', 'Douglas', 'khessel@example.com', '01626219879', '1987-02-05 20:49:25', '2012-11-11 18:20:32');
INSERT INTO `users` (`id`, `first_name`, `last_name`, `email`, `phone`, `created_at`, `updated_at`) VALUES (49, 'Anastasia', 'Konopelski', 'dawn55@example.net', '1-849-542-7060', '2018-08-25 00:26:07', '1992-03-21 07:34:20');
INSERT INTO `users` (`id`, `first_name`, `last_name`, `email`, `phone`, `created_at`, `updated_at`) VALUES (50, 'Gabrielle', 'Grady', 'lebsack.rosie@example.com', '824-780-9586', '1985-07-08 20:48:04', '2015-01-08 13:24:33');
INSERT INTO `users` (`id`, `first_name`, `last_name`, `email`, `phone`, `created_at`, `updated_at`) VALUES (51, 'Wilton', 'Bosco', 'adell28@example.com', '1-326-971-5152x19347', '2016-01-28 00:51:26', '2004-01-12 07:42:44');
INSERT INTO `users` (`id`, `first_name`, `last_name`, `email`, `phone`, `created_at`, `updated_at`) VALUES (52, 'Hipolito', 'Lakin', 'terry.davonte@example.com', '08548067575', '1981-02-16 04:56:38', '1996-02-10 10:18:37');
INSERT INTO `users` (`id`, `first_name`, `last_name`, `email`, `phone`, `created_at`, `updated_at`) VALUES (53, 'Toney', 'Dietrich', 'ureichert@example.com', '(525)960-7187x02342', '2012-07-04 19:50:51', '2019-01-19 21:14:03');
INSERT INTO `users` (`id`, `first_name`, `last_name`, `email`, `phone`, `created_at`, `updated_at`) VALUES (54, 'Damian', 'Ziemann', 'zkerluke@example.org', '(618)937-5071x4185', '1994-09-23 11:12:13', '2010-04-11 09:05:08');
INSERT INTO `users` (`id`, `first_name`, `last_name`, `email`, `phone`, `created_at`, `updated_at`) VALUES (55, 'Armand', 'Beahan', 'edmund20@example.net', '1-927-053-8680', '1998-01-04 20:27:00', '1984-06-09 12:36:06');
INSERT INTO `users` (`id`, `first_name`, `last_name`, `email`, `phone`, `created_at`, `updated_at`) VALUES (56, 'Fae', 'Glover', 'mclaughlin.alejandra@example.org', '(742)313-6004', '1974-11-18 17:04:39', '2009-05-05 03:11:12');
INSERT INTO `users` (`id`, `first_name`, `last_name`, `email`, `phone`, `created_at`, `updated_at`) VALUES (57, 'Wilburn', 'Hegmann', 'elmira33@example.net', '1-601-443-4467', '1979-02-19 09:27:05', '1995-04-21 10:27:14');
INSERT INTO `users` (`id`, `first_name`, `last_name`, `email`, `phone`, `created_at`, `updated_at`) VALUES (58, 'Garret', 'Spencer', 'labbott@example.org', '1-135-304-1582', '1984-10-01 16:05:30', '2009-01-22 17:37:03');
INSERT INTO `users` (`id`, `first_name`, `last_name`, `email`, `phone`, `created_at`, `updated_at`) VALUES (59, 'Tierra', 'McKenzie', 'ari19@example.org', '862.015.3452x80139', '1986-10-31 10:36:00', '1984-02-04 21:44:01');
INSERT INTO `users` (`id`, `first_name`, `last_name`, `email`, `phone`, `created_at`, `updated_at`) VALUES (60, 'Addie', 'Stark', 'jroob@example.net', '(166)240-6078', '1994-04-15 12:52:56', '1973-01-19 01:03:45');
INSERT INTO `users` (`id`, `first_name`, `last_name`, `email`, `phone`, `created_at`, `updated_at`) VALUES (61, 'Clay', 'Rolfson', 'barton.armstrong@example.com', '1-006-466-0533', '2013-04-29 23:44:14', '1993-10-16 18:25:28');
INSERT INTO `users` (`id`, `first_name`, `last_name`, `email`, `phone`, `created_at`, `updated_at`) VALUES (62, 'Brendan', 'Schimmel', 'boyer.dorcas@example.com', '114-541-8880x85792', '1973-03-16 01:05:43', '1988-11-18 02:07:01');
INSERT INTO `users` (`id`, `first_name`, `last_name`, `email`, `phone`, `created_at`, `updated_at`) VALUES (63, 'Virgil', 'Graham', 'narmstrong@example.net', '001.568.3310', '2013-07-22 22:15:44', '1970-05-08 20:27:24');
INSERT INTO `users` (`id`, `first_name`, `last_name`, `email`, `phone`, `created_at`, `updated_at`) VALUES (64, 'Jakayla', 'Klein', 'kunze.devyn@example.com', '1-900-601-6851', '1994-01-15 15:10:44', '1975-08-18 18:53:38');
INSERT INTO `users` (`id`, `first_name`, `last_name`, `email`, `phone`, `created_at`, `updated_at`) VALUES (65, 'Tristin', 'Eichmann', 'kirlin.jeremy@example.org', '1-514-919-6717', '1988-12-17 11:01:06', '2015-09-11 10:25:49');
INSERT INTO `users` (`id`, `first_name`, `last_name`, `email`, `phone`, `created_at`, `updated_at`) VALUES (66, 'Lela', 'Krajcik', 'gwen34@example.net', '(399)617-1602x1330', '1970-11-21 23:18:20', '1996-10-02 09:14:56');
INSERT INTO `users` (`id`, `first_name`, `last_name`, `email`, `phone`, `created_at`, `updated_at`) VALUES (67, 'Pascale', 'Friesen', 'dubuque.taryn@example.com', '(617)065-2088', '1993-05-27 00:36:17', '1995-06-17 00:02:57');
INSERT INTO `users` (`id`, `first_name`, `last_name`, `email`, `phone`, `created_at`, `updated_at`) VALUES (68, 'Betty', 'McDermott', 'denesik.angel@example.com', '659.095.2192x1254', '1992-02-22 17:08:28', '1985-06-27 09:04:19');
INSERT INTO `users` (`id`, `first_name`, `last_name`, `email`, `phone`, `created_at`, `updated_at`) VALUES (69, 'Demetrius', 'Muller', 'candido07@example.org', '808-321-0472x901', '2007-12-25 10:49:26', '2013-08-02 11:17:16');
INSERT INTO `users` (`id`, `first_name`, `last_name`, `email`, `phone`, `created_at`, `updated_at`) VALUES (70, 'Jeanne', 'Luettgen', 'emerald.nikolaus@example.com', '(428)392-5840x74618', '1996-11-26 21:26:45', '2003-06-14 10:08:09');
INSERT INTO `users` (`id`, `first_name`, `last_name`, `email`, `phone`, `created_at`, `updated_at`) VALUES (71, 'Eulah', 'Littel', 'maggio.immanuel@example.org', '(703)487-6860x9270', '2008-05-06 14:00:52', '1995-08-12 10:29:46');
INSERT INTO `users` (`id`, `first_name`, `last_name`, `email`, `phone`, `created_at`, `updated_at`) VALUES (72, 'Zachary', 'Murazik', 'kirsten.larkin@example.net', '783-931-2641x0412', '2000-08-19 07:49:50', '2012-10-07 01:28:04');
INSERT INTO `users` (`id`, `first_name`, `last_name`, `email`, `phone`, `created_at`, `updated_at`) VALUES (73, 'Rick', 'Rempel', 'danyka.bartell@example.net', '00932731795', '2005-07-01 11:40:53', '2003-03-18 22:04:53');
INSERT INTO `users` (`id`, `first_name`, `last_name`, `email`, `phone`, `created_at`, `updated_at`) VALUES (74, 'Marjolaine', 'Walker', 'rodriguez.mandy@example.com', '+21(0)1816016853', '1973-11-25 15:16:26', '2014-10-25 08:40:15');
INSERT INTO `users` (`id`, `first_name`, `last_name`, `email`, `phone`, `created_at`, `updated_at`) VALUES (75, 'Alphonso', 'Hickle', 'zherman@example.org', '+98(9)2873119383', '1996-09-09 11:09:16', '1974-07-23 16:16:59');
INSERT INTO `users` (`id`, `first_name`, `last_name`, `email`, `phone`, `created_at`, `updated_at`) VALUES (76, 'Turner', 'Johnson', 'wfisher@example.org', '310.156.7359', '2004-07-18 21:43:48', '1994-09-19 12:05:13');
INSERT INTO `users` (`id`, `first_name`, `last_name`, `email`, `phone`, `created_at`, `updated_at`) VALUES (77, 'Skye', 'Grant', 'felicita.baumbach@example.net', '966-482-5068x93059', '2011-10-28 11:55:38', '1976-09-30 01:07:14');
INSERT INTO `users` (`id`, `first_name`, `last_name`, `email`, `phone`, `created_at`, `updated_at`) VALUES (78, 'Gia', 'Paucek', 'gaylord.elenora@example.org', '147.667.3754x230', '2019-12-19 04:27:41', '2001-11-04 07:23:19');
INSERT INTO `users` (`id`, `first_name`, `last_name`, `email`, `phone`, `created_at`, `updated_at`) VALUES (79, 'Norris', 'O\'Hara', 'turner.king@example.org', '416-458-7734', '1991-01-28 07:24:38', '1978-08-01 22:27:55');
INSERT INTO `users` (`id`, `first_name`, `last_name`, `email`, `phone`, `created_at`, `updated_at`) VALUES (80, 'Beulah', 'Greenholt', 'jreichert@example.org', '1-994-177-3147x1561', '1988-08-26 12:41:25', '1987-09-20 14:21:44');
INSERT INTO `users` (`id`, `first_name`, `last_name`, `email`, `phone`, `created_at`, `updated_at`) VALUES (81, 'Kayla', 'Grimes', 'bernhard38@example.org', '(383)190-0099', '1994-11-12 21:18:18', '1987-08-14 09:42:09');
INSERT INTO `users` (`id`, `first_name`, `last_name`, `email`, `phone`, `created_at`, `updated_at`) VALUES (82, 'Jordon', 'Ankunding', 'mustafa14@example.net', '04542437865', '1973-07-17 19:10:52', '1995-10-24 00:45:09');
INSERT INTO `users` (`id`, `first_name`, `last_name`, `email`, `phone`, `created_at`, `updated_at`) VALUES (83, 'Lorena', 'VonRueden', 'carolyn.rutherford@example.com', '(765)515-1771x69142', '1986-09-29 21:18:47', '1998-08-10 01:56:58');
INSERT INTO `users` (`id`, `first_name`, `last_name`, `email`, `phone`, `created_at`, `updated_at`) VALUES (84, 'Isaias', 'Huels', 'clarabelle.johnston@example.net', '362.279.5722x0754', '1998-07-24 21:10:28', '2008-04-05 03:34:23');
INSERT INTO `users` (`id`, `first_name`, `last_name`, `email`, `phone`, `created_at`, `updated_at`) VALUES (85, 'Kaya', 'Oberbrunner', 'howell12@example.net', '1-133-087-9332x6679', '1977-10-29 04:14:15', '1988-08-09 19:01:16');
INSERT INTO `users` (`id`, `first_name`, `last_name`, `email`, `phone`, `created_at`, `updated_at`) VALUES (86, 'Paxton', 'Tremblay', 'donnell40@example.org', '260-709-3673x6895', '1980-03-15 19:09:09', '1988-04-20 12:11:10');
INSERT INTO `users` (`id`, `first_name`, `last_name`, `email`, `phone`, `created_at`, `updated_at`) VALUES (87, 'Maud', 'Gleason', 'littel.ahmad@example.net', '1-993-007-3904', '1977-09-24 20:24:57', '1992-06-05 09:06:50');
INSERT INTO `users` (`id`, `first_name`, `last_name`, `email`, `phone`, `created_at`, `updated_at`) VALUES (88, 'Andrew', 'Crona', 'lucius54@example.net', '03613633372', '1986-01-11 12:33:23', '1975-02-23 22:52:39');
INSERT INTO `users` (`id`, `first_name`, `last_name`, `email`, `phone`, `created_at`, `updated_at`) VALUES (89, 'Hailey', 'Bergstrom', 'cheathcote@example.org', '(670)218-7070', '2019-04-28 15:22:27', '1980-05-16 09:16:54');
INSERT INTO `users` (`id`, `first_name`, `last_name`, `email`, `phone`, `created_at`, `updated_at`) VALUES (90, 'Eleazar', 'Kautzer', 'mark90@example.org', '279-587-7736', '1975-08-29 01:19:32', '1980-01-01 09:10:13');
INSERT INTO `users` (`id`, `first_name`, `last_name`, `email`, `phone`, `created_at`, `updated_at`) VALUES (91, 'Yasmine', 'Rosenbaum', 'cmurazik@example.org', '(886)430-9013x8080', '1986-04-19 15:55:57', '1971-06-21 09:05:10');
INSERT INTO `users` (`id`, `first_name`, `last_name`, `email`, `phone`, `created_at`, `updated_at`) VALUES (92, 'Fletcher', 'Tillman', 'orville01@example.com', '(539)254-7534x71788', '1972-07-19 22:16:53', '1981-10-22 16:41:13');
INSERT INTO `users` (`id`, `first_name`, `last_name`, `email`, `phone`, `created_at`, `updated_at`) VALUES (93, 'Antonette', 'Feest', 'oliver.moore@example.org', '341-541-9866x77071', '1986-09-29 03:44:33', '2012-04-27 13:21:00');
INSERT INTO `users` (`id`, `first_name`, `last_name`, `email`, `phone`, `created_at`, `updated_at`) VALUES (94, 'Jakob', 'Boyer', 'rolfson.roel@example.net', '751-651-3451', '2010-10-29 16:06:31', '1992-07-20 20:57:32');
INSERT INTO `users` (`id`, `first_name`, `last_name`, `email`, `phone`, `created_at`, `updated_at`) VALUES (95, 'Richmond', 'Terry', 'ychamplin@example.com', '+12(5)4126153124', '2001-02-10 11:30:58', '2001-11-05 02:11:37');
INSERT INTO `users` (`id`, `first_name`, `last_name`, `email`, `phone`, `created_at`, `updated_at`) VALUES (96, 'Gaylord', 'Johns', 'annabelle.trantow@example.net', '+33(2)1276025924', '1997-11-19 12:06:46', '1995-10-15 10:21:42');
INSERT INTO `users` (`id`, `first_name`, `last_name`, `email`, `phone`, `created_at`, `updated_at`) VALUES (97, 'Durward', 'Schowalter', 'abshire.nicholas@example.net', '04193100179', '1973-09-08 23:03:21', '1989-01-30 03:26:25');
INSERT INTO `users` (`id`, `first_name`, `last_name`, `email`, `phone`, `created_at`, `updated_at`) VALUES (98, 'Jennie', 'Schmitt', 'carter.mireya@example.net', '04574121535', '1988-06-17 20:08:19', '1986-03-24 05:00:18');
INSERT INTO `users` (`id`, `first_name`, `last_name`, `email`, `phone`, `created_at`, `updated_at`) VALUES (99, 'April', 'Ferry', 'emmalee76@example.net', '265-339-0723', '1992-03-13 09:50:07', '1996-12-23 00:50:01');
INSERT INTO `users` (`id`, `first_name`, `last_name`, `email`, `phone`, `created_at`, `updated_at`) VALUES (100, 'Elyssa', 'Rau', 'murphy98@example.net', '544-213-4543', '1980-02-27 13:56:34', '1998-12-24 07:31:45');


